fecha,price_close
May 13 2022,4023.89
May 12 2022,3930.08
May 11 2022,3935.18
May 10 2022,4001.05
May 09 2022,3991.24
May 06 2022,4123.34
May 05 2022,4146.87
May 04 2022,4300.17
May 03 2022,4175.48
May 02 2022,4155.38
Apr 29 2022,4131.93
Apr 28 2022,4287.50
Apr 27 2022,4183.96
Apr 26 2022,4175.20
Apr 25 2022,4296.12
Apr 22 2022,4271.78
Apr 21 2022,4393.66
Apr 20 2022,4459.45
Apr 19 2022,4462.21
Apr 18 2022,4391.69
Apr 14 2022,4392.59
Apr 13 2022,4446.59
Apr 12 2022,4397.45
Apr 11 2022,4412.53
Apr 08 2022,4488.28
Apr 07 2022,4500.21
Apr 06 2022,4481.15
Apr 05 2022,4525.12
Apr 04 2022,4582.64
Apr 01 2022,4545.86
Mar 31 2022,4530.41
Mar 30 2022,4602.45
Mar 29 2022,4631.60
Mar 28 2022,4575.52
Mar 25 2022,4543.06
Mar 24 2022,4520.16
Mar 23 2022,4456.24
Mar 22 2022,4511.61
Mar 21 2022,4461.18
Mar 18 2022,4463.12
Mar 17 2022,4411.67
Mar 16 2022,4357.86
Mar 15 2022,4262.45
Mar 14 2022,4173.11
Mar 11 2022,4204.31
Mar 10 2022,4259.52
Mar 09 2022,4277.88
Mar 08 2022,4170.70
Mar 07 2022,4201.09
Mar 04 2022,4328.87
Mar 03 2022,4363.49
Mar 02 2022,4386.54
Mar 01 2022,4306.26
Feb 28 2022,4373.94
Feb 25 2022,4384.65
Feb 24 2022,4288.70
Feb 23 2022,4225.50
Feb 22 2022,4304.76
Feb 18 2022,4348.87
Feb 17 2022,4380.26
Feb 16 2022,4475.01
Feb 15 2022,4471.07
Feb 14 2022,4401.67
Feb 11 2022,4418.64
Feb 10 2022,4504.08
Feb 09 2022,4587.18
Feb 08 2022,4521.54
Feb 07 2022,4483.87
Feb 04 2022,4500.53
Feb 03 2022,4477.44
Feb 02 2022,4589.38
Feb 01 2022,4546.54
Jan 31 2022,4515.55
Jan 28 2022,4431.85
Jan 27 2022,4326.51
Jan 26 2022,4349.93
Jan 25 2022,4356.45
Jan 24 2022,4410.13
Jan 21 2022,4397.94
Jan 20 2022,4482.73
Jan 19 2022,4532.76
Jan 18 2022,4577.11
Jan 14 2022,4662.85
Jan 13 2022,4659.03
Jan 12 2022,4726.35
Jan 11 2022,4713.07
Jan 10 2022,4670.29
Jan 07 2022,4677.03
Jan 06 2022,4696.05
Jan 05 2022,4700.58
Jan 04 2022,4793.54
Jan 03 2022,4796.56
Dec 31 2021,4766.18
Dec 30 2021,4778.73
Dec 29 2021,4793.06
Dec 28 2021,4786.35
Dec 27 2021,4791.19
Dec 23 2021,4725.79
Dec 22 2021,4696.56
Dec 21 2021,4649.23
Dec 20 2021,4568.02
Dec 17 2021,4620.64
Dec 16 2021,4668.67
Dec 15 2021,4709.85
Dec 14 2021,4634.09
Dec 13 2021,4668.97
Dec 10 2021,4712.02
Dec 09 2021,4667.45
Dec 08 2021,4701.21
Dec 07 2021,4686.75
Dec 06 2021,4591.67
Dec 03 2021,4538.43
Dec 02 2021,4577.10
Dec 01 2021,4513.04
Nov 30 2021,4567.00
Nov 29 2021,4655.27
Nov 26 2021,4594.62
Nov 24 2021,4701.46
Nov 23 2021,4690.70
Nov 22 2021,4682.94
Nov 19 2021,4697.96
Nov 18 2021,4704.54
Nov 17 2021,4688.67
Nov 16 2021,4700.90
Nov 15 2021,4682.80
Nov 12 2021,4682.85
Nov 11 2021,4649.27
Nov 10 2021,4646.71
Nov 09 2021,4685.25
Nov 08 2021,4701.70
Nov 05 2021,4697.53
Nov 04 2021,4680.06
Nov 03 2021,4660.57
Nov 02 2021,4630.65
Nov 01 2021,4613.67
Oct 29 2021,4605.38
Oct 28 2021,4596.42
Oct 27 2021,4551.68
Oct 26 2021,4574.79
Oct 25 2021,4566.48
Oct 22 2021,4544.90
Oct 21 2021,4549.78
Oct 20 2021,4536.19
Oct 19 2021,4519.63
Oct 18 2021,4486.46
Oct 15 2021,4471.37
Oct 14 2021,4438.26
Oct 13 2021,4363.80
Oct 12 2021,4350.65
Oct 11 2021,4361.19
Oct 08 2021,4391.34
Oct 07 2021,4399.76
Oct 06 2021,4363.55
Oct 05 2021,4345.72
Oct 04 2021,4300.46
Oct 01 2021,4357.04
Sep 30 2021,4307.54
Sep 29 2021,4359.46
Sep 28 2021,4352.63
Sep 27 2021,4443.11
Sep 24 2021,4455.48
Sep 23 2021,4448.98
Sep 22 2021,4395.64
Sep 21 2021,4354.19
Sep 20 2021,4357.73
Sep 17 2021,4432.99
Sep 16 2021,4473.75
Sep 15 2021,4480.70
Sep 14 2021,4443.05
Sep 13 2021,4468.73
Sep 10 2021,4458.58
Sep 09 2021,4493.28
Sep 08 2021,4514.07
Sep 07 2021,4520.03
Sep 03 2021,4535.43
Sep 02 2021,4536.95
Sep 01 2021,4524.09
Aug 31 2021,4522.68
Aug 30 2021,4528.79
Aug 27 2021,4509.37
Aug 26 2021,4470.00
Aug 25 2021,4496.19
Aug 24 2021,4486.23
Aug 23 2021,4479.53
Aug 20 2021,4441.67
Aug 19 2021,4405.80
Aug 18 2021,4400.27
Aug 17 2021,4448.08
Aug 16 2021,4479.71
Aug 13 2021,4468.00
Aug 12 2021,4460.83
Aug 11 2021,4442.41
Aug 10 2021,4436.75
Aug 09 2021,4432.35
Aug 06 2021,4436.52
Aug 05 2021,4429.10
Aug 04 2021,4402.66
Aug 03 2021,4423.15
Aug 02 2021,4387.16
Jul 30 2021,4395.26
Jul 29 2021,4419.15
Jul 28 2021,4400.64
Jul 27 2021,4401.46
Jul 26 2021,4422.30
Jul 23 2021,4411.79
Jul 22 2021,4367.48
Jul 21 2021,4358.69
Jul 20 2021,4323.06
Jul 19 2021,4258.49
Jul 16 2021,4327.16
Jul 15 2021,4360.03
Jul 14 2021,4374.30
Jul 13 2021,4369.21
Jul 12 2021,4384.63
Jul 09 2021,4369.55
Jul 08 2021,4320.82
Jul 07 2021,4358.13
Jul 06 2021,4343.54
Jul 02 2021,4352.34
Jul 01 2021,4319.94
Jun 30 2021,4297.50
Jun 29 2021,4291.80
Jun 28 2021,4290.61
Jun 25 2021,4280.70
Jun 24 2021,4266.49
Jun 23 2021,4241.84
Jun 22 2021,4246.44
Jun 21 2021,4224.79
Jun 18 2021,4166.45
Jun 17 2021,4221.86
Jun 16 2021,4223.70
Jun 15 2021,4246.59
Jun 14 2021,4255.15
Jun 11 2021,4247.44
Jun 10 2021,4239.18
Jun 09 2021,4219.55
Jun 08 2021,4227.26
Jun 07 2021,4226.52
Jun 04 2021,4229.89
Jun 03 2021,4192.85
Jun 02 2021,4208.12
Jun 01 2021,4202.04
May 28 2021,4204.11
May 27 2021,4200.88
May 26 2021,4195.99
May 25 2021,4188.13
May 24 2021,4197.05
May 21 2021,4155.86
May 20 2021,4159.12
May 19 2021,4115.68
May 18 2021,4127.83
May 17 2021,4163.29
May 14 2021,4173.85
May 13 2021,4112.50
May 12 2021,4063.04
May 11 2021,4152.10
May 10 2021,4188.43
May 07 2021,4232.60
May 06 2021,4201.62
May 05 2021,4167.59
May 04 2021,4164.66
May 03 2021,4192.66
Apr 30 2021,4181.17
Apr 29 2021,4211.47
Apr 28 2021,4183.18
Apr 27 2021,4186.72
Apr 26 2021,4187.62
Apr 23 2021,4180.17
Apr 22 2021,4134.98
Apr 21 2021,4173.42
Apr 20 2021,4134.94
Apr 19 2021,4163.26
Apr 16 2021,4185.47
Apr 15 2021,4170.42
Apr 14 2021,4124.66
Apr 13 2021,4141.59
Apr 12 2021,4127.99
Apr 09 2021,4128.80
Apr 08 2021,4097.17
Apr 07 2021,4079.95
Apr 06 2021,4073.94
Apr 05 2021,4077.91
Apr 01 2021,4019.87
Mar 31 2021,3972.89
Mar 30 2021,3958.55
Mar 29 2021,3971.09
Mar 26 2021,3974.54
Mar 25 2021,3909.52
Mar 24 2021,3889.14
Mar 23 2021,3910.52
Mar 22 2021,3940.59
Mar 19 2021,3913.10
Mar 18 2021,3915.46
Mar 17 2021,3974.12
Mar 16 2021,3962.71
Mar 15 2021,3968.94
Mar 12 2021,3943.34
Mar 11 2021,3939.34
Mar 10 2021,3898.81
Mar 09 2021,3875.44
Mar 08 2021,3821.35
Mar 05 2021,3841.94
Mar 04 2021,3768.47
Mar 03 2021,3819.72
Mar 02 2021,3870.29
Mar 01 2021,3901.82
Feb 26 2021,3811.15
Feb 25 2021,3829.34
Feb 24 2021,3925.43
Feb 23 2021,3881.37
Feb 22 2021,3876.50
Feb 19 2021,3906.71
Feb 18 2021,3913.97
Feb 17 2021,3931.33
Feb 16 2021,3932.59
Feb 12 2021,3934.83
Feb 11 2021,3916.38
Feb 10 2021,3909.88
Feb 09 2021,3911.23
Feb 08 2021,3915.59
Feb 05 2021,3886.83
Feb 04 2021,3871.74
Feb 03 2021,3830.17
Feb 02 2021,3826.31
Feb 01 2021,3773.86
Jan 29 2021,3714.24
Jan 28 2021,3787.38
Jan 27 2021,3750.77
Jan 26 2021,3849.62
Jan 25 2021,3855.36
Jan 22 2021,3841.47
Jan 21 2021,3853.07
Jan 20 2021,3851.85
Jan 19 2021,3798.91
Jan 15 2021,3768.25
Jan 14 2021,3795.54
Jan 13 2021,3809.84
Jan 12 2021,3801.19
Jan 11 2021,3799.61
Jan 08 2021,3824.68
Jan 07 2021,3803.79
Jan 06 2021,3748.14
Jan 05 2021,3726.86
Jan 04 2021,3700.65
Dec 31 2020,3756.07
Dec 30 2020,3732.04
Dec 29 2020,3727.04
Dec 28 2020,3735.36
Dec 24 2020,3703.06
Dec 23 2020,3690.01
Dec 22 2020,3687.26
Dec 21 2020,3694.92
Dec 18 2020,3709.41
Dec 17 2020,3722.48
Dec 16 2020,3701.17
Dec 15 2020,3694.62
Dec 14 2020,3647.49
Dec 11 2020,3663.46
Dec 10 2020,3668.10
Dec 09 2020,3672.82
Dec 08 2020,3702.25
Dec 07 2020,3691.96
Dec 04 2020,3699.12
Dec 03 2020,3666.72
Dec 02 2020,3669.01
Dec 01 2020,3662.45
Nov 30 2020,3621.63
Nov 27 2020,3638.35
Nov 25 2020,3629.65
Nov 24 2020,3635.41
Nov 23 2020,3577.59
Nov 20 2020,3557.54
Nov 19 2020,3581.87
Nov 18 2020,3567.79
Nov 17 2020,3609.53
Nov 16 2020,3626.91
Nov 13 2020,3585.15
Nov 12 2020,3537.01
Nov 11 2020,3572.66
Nov 10 2020,3545.53
Nov 09 2020,3550.50
Nov 06 2020,3509.44
Nov 05 2020,3510.45
Nov 04 2020,3443.44
Nov 03 2020,3369.16
Nov 02 2020,3310.24
Oct 30 2020,3269.96
Oct 29 2020,3310.11
Oct 28 2020,3271.03
Oct 27 2020,3390.68
Oct 26 2020,3400.97
Oct 23 2020,3465.39
Oct 22 2020,3453.49
Oct 21 2020,3435.56
Oct 20 2020,3443.12
Oct 19 2020,3426.92
Oct 16 2020,3483.81
Oct 15 2020,3483.34
Oct 14 2020,3488.67
Oct 13 2020,3511.93
Oct 12 2020,3534.22
Oct 09 2020,3477.14
Oct 08 2020,3446.83
Oct 07 2020,3419.44
Oct 06 2020,3360.97
Oct 05 2020,3408.60
Oct 02 2020,3348.42
Oct 01 2020,3380.80
Sep 30 2020,3363.00
Sep 29 2020,3335.47
Sep 28 2020,3351.60
Sep 25 2020,3298.46
Sep 24 2020,3246.59
Sep 23 2020,3236.92
Sep 22 2020,3315.57
Sep 21 2020,3281.06
Sep 18 2020,3319.47
Sep 17 2020,3357.01
Sep 16 2020,3385.49
Sep 15 2020,3401.20
Sep 14 2020,3383.54
Sep 11 2020,3340.97
Sep 10 2020,3339.19
Sep 09 2020,3398.96
Sep 08 2020,3331.84
Sep 04 2020,3426.96
Sep 03 2020,3455.06
Sep 02 2020,3580.84
Sep 01 2020,3526.65
Aug 31 2020,3500.31
Aug 28 2020,3508.01
Aug 27 2020,3484.55
Aug 26 2020,3478.73
Aug 25 2020,3443.62
Aug 24 2020,3431.28
Aug 21 2020,3397.16
Aug 20 2020,3385.51
Aug 19 2020,3374.85
Aug 18 2020,3389.78
Aug 17 2020,3381.99
Aug 14 2020,3372.85
Aug 13 2020,3373.43
Aug 12 2020,3380.35
Aug 11 2020,3333.69
Aug 10 2020,3360.47
Aug 07 2020,3351.28
Aug 06 2020,3349.16
Aug 05 2020,3327.77
Aug 04 2020,3306.51
Aug 03 2020,3294.61
Jul 31 2020,3271.12
Jul 30 2020,3246.22
Jul 29 2020,3258.44
Jul 28 2020,3218.44
Jul 27 2020,3239.41
Jul 24 2020,3215.63
Jul 23 2020,3235.66
Jul 22 2020,3276.02
Jul 21 2020,3257.30
Jul 20 2020,3251.84
Jul 17 2020,3224.73
Jul 16 2020,3215.57
Jul 15 2020,3226.56
Jul 14 2020,3197.52
Jul 13 2020,3155.22
Jul 10 2020,3185.04
Jul 09 2020,3152.05
Jul 08 2020,3169.94
Jul 07 2020,3145.32
Jul 06 2020,3179.72
Jul 02 2020,3130.01
Jul 01 2020,3115.86
Jun 30 2020,3100.29
Jun 29 2020,3053.24
Jun 26 2020,3009.05
Jun 25 2020,3083.76
Jun 24 2020,3050.33
Jun 23 2020,3131.29
Jun 22 2020,3117.86
Jun 19 2020,3097.74
Jun 18 2020,3115.34
Jun 17 2020,3113.49
Jun 16 2020,3124.74
Jun 15 2020,3066.59
Jun 12 2020,3041.31
Jun 11 2020,3002.10
Jun 10 2020,3190.14
Jun 09 2020,3207.18
Jun 08 2020,3232.39
Jun 05 2020,3193.93
Jun 04 2020,3112.35
Jun 03 2020,3122.87
Jun 02 2020,3080.82
Jun 01 2020,3055.73
May 29 2020,3044.31
May 28 2020,3029.73
May 27 2020,3036.13
May 26 2020,2991.77
May 22 2020,2955.45
May 21 2020,2948.51
May 20 2020,2971.61
May 19 2020,2922.94
May 18 2020,2953.91
May 15 2020,2863.70
May 14 2020,2852.50
May 13 2020,2820.00
May 12 2020,2870.12
May 11 2020,2930.19
May 08 2020,2929.80
May 07 2020,2881.19
May 06 2020,2848.42
May 05 2020,2868.44
May 04 2020,2842.74
May 01 2020,2830.71
Apr 30 2020,2912.43
Apr 29 2020,2939.51
Apr 28 2020,2863.39
Apr 27 2020,2878.48
Apr 24 2020,2836.74
Apr 23 2020,2797.80
Apr 22 2020,2799.31
Apr 21 2020,2736.56
Apr 20 2020,2823.16
Apr 17 2020,2874.56
Apr 16 2020,2799.55
Apr 15 2020,2783.36
Apr 14 2020,2846.06
Apr 13 2020,2761.63
Apr 09 2020,2789.82
Apr 08 2020,2749.98
Apr 07 2020,2659.41
Apr 06 2020,2663.68
Apr 03 2020,2488.65
Apr 02 2020,2526.90
Apr 01 2020,2470.50
Mar 31 2020,2584.59
Mar 30 2020,2626.65
Mar 27 2020,2541.47
Mar 26 2020,2630.07
Mar 25 2020,2475.56
Mar 24 2020,2447.33
Mar 23 2020,2237.40
Mar 20 2020,2304.92
Mar 19 2020,2409.39
Mar 18 2020,2398.10
Mar 17 2020,2529.19
Mar 16 2020,2386.13
Mar 13 2020,2711.02
Mar 12 2020,2480.64
Mar 11 2020,2741.38
Mar 10 2020,2882.23
Mar 09 2020,2746.56
Mar 06 2020,2972.37
Mar 05 2020,3023.94
Mar 04 2020,3130.12
Mar 03 2020,3003.37
Mar 02 2020,3090.23
Feb 28 2020,2954.22
Feb 27 2020,2978.76
Feb 26 2020,3116.39
Feb 25 2020,3128.21
Feb 24 2020,3225.89
Feb 21 2020,3337.75
Feb 20 2020,3373.23
Feb 19 2020,3386.15
Feb 18 2020,3370.29
Feb 14 2020,3380.16
Feb 13 2020,3373.94
Feb 12 2020,3379.45
Feb 11 2020,3357.75
Feb 10 2020,3352.09
Feb 07 2020,3327.71
Feb 06 2020,3345.78
Feb 05 2020,3334.69
Feb 04 2020,3297.59
Feb 03 2020,3248.92
Jan 31 2020,3225.52
Jan 30 2020,3283.66
Jan 29 2020,3273.40
Jan 28 2020,3276.24
Jan 27 2020,3243.63
Jan 24 2020,3295.47
Jan 23 2020,3325.54
Jan 22 2020,3321.75
Jan 21 2020,3320.79
Jan 17 2020,3329.62
Jan 16 2020,3316.81
Jan 15 2020,3289.29
Jan 14 2020,3283.15
Jan 13 2020,3288.13
Jan 10 2020,3265.35
Jan 09 2020,3274.70
Jan 08 2020,3253.05
Jan 07 2020,3237.18
Jan 06 2020,3246.28
Jan 03 2020,3234.85
Jan 02 2020,3257.85
Dec 31 2019,3230.78
Dec 30 2019,3221.29
Dec 27 2019,3240.02
Dec 26 2019,3239.91
Dec 24 2019,3223.38
Dec 23 2019,3224.01
Dec 20 2019,3221.22
Dec 19 2019,3205.37
Dec 18 2019,3191.14
Dec 17 2019,3192.52
Dec 16 2019,3191.45
Dec 13 2019,3168.80
Dec 12 2019,3168.57
Dec 11 2019,3141.63
Dec 10 2019,3132.52
Dec 09 2019,3135.96
Dec 06 2019,3145.91
Dec 05 2019,3117.43
Dec 04 2019,3112.76
Dec 03 2019,3093.20
Dec 02 2019,3113.87
Nov 29 2019,3140.98
Nov 27 2019,3153.63
Nov 26 2019,3140.52
Nov 25 2019,3133.64
Nov 22 2019,3110.29
Nov 21 2019,3103.54
Nov 20 2019,3108.46
Nov 19 2019,3120.18
Nov 18 2019,3122.03
Nov 15 2019,3120.46
Nov 14 2019,3096.63
Nov 13 2019,3094.04
Nov 12 2019,3091.84
Nov 11 2019,3087.01
Nov 08 2019,3093.08
Nov 07 2019,3085.18
Nov 06 2019,3076.78
Nov 05 2019,3074.62
Nov 04 2019,3078.27
Nov 01 2019,3066.91
Oct 31 2019,3037.56
Oct 30 2019,3046.77
Oct 29 2019,3036.89
Oct 28 2019,3039.42
Oct 25 2019,3022.55
Oct 24 2019,3010.29
Oct 23 2019,3004.52
Oct 22 2019,2995.99
Oct 21 2019,3006.72
Oct 18 2019,2986.20
Oct 17 2019,2997.95
Oct 16 2019,2989.69
Oct 15 2019,2995.68
Oct 14 2019,2966.15
Oct 11 2019,2970.27
Oct 10 2019,2938.13
Oct 09 2019,2919.40
Oct 08 2019,2893.06
Oct 07 2019,2938.79
Oct 04 2019,2952.01
Oct 03 2019,2910.63
Oct 02 2019,2887.61
Oct 01 2019,2940.25
Sep 30 2019,2976.74
Sep 27 2019,2961.79
Sep 26 2019,2977.62
Sep 25 2019,2984.87
Sep 24 2019,2966.60
Sep 23 2019,2991.78
Sep 20 2019,2992.07
Sep 19 2019,3006.79
Sep 18 2019,3006.73
Sep 17 2019,3005.70
Sep 16 2019,2997.96
Sep 13 2019,3007.39
Sep 12 2019,3009.57
Sep 11 2019,3000.93
Sep 10 2019,2979.39
Sep 09 2019,2978.43
Sep 06 2019,2978.71
Sep 05 2019,2976.00
Sep 04 2019,2937.78
Sep 03 2019,2906.27
Aug 30 2019,2926.46
Aug 29 2019,2924.58
Aug 28 2019,2887.94
Aug 27 2019,2869.16
Aug 26 2019,2878.38
Aug 23 2019,2847.11
Aug 22 2019,2922.95
Aug 21 2019,2924.43
Aug 20 2019,2900.51
Aug 19 2019,2923.65
Aug 16 2019,2888.68
Aug 15 2019,2847.60
Aug 14 2019,2840.60
Aug 13 2019,2926.32
Aug 12 2019,2882.70
Aug 09 2019,2918.65
Aug 08 2019,2938.09
Aug 07 2019,2883.98
Aug 06 2019,2881.77
Aug 05 2019,2844.74
Aug 02 2019,2932.05
Aug 01 2019,2953.56
Jul 31 2019,2980.38
Jul 30 2019,3013.18
Jul 29 2019,3020.97
Jul 26 2019,3025.86
Jul 25 2019,3003.67
Jul 24 2019,3019.56
Jul 23 2019,3005.47
Jul 22 2019,2985.03
Jul 19 2019,2976.61
Jul 18 2019,2995.11
Jul 17 2019,2984.42
Jul 16 2019,3004.04
Jul 15 2019,3014.30
Jul 12 2019,3013.77
Jul 11 2019,2999.91
Jul 10 2019,2993.07
Jul 09 2019,2979.63
Jul 08 2019,2975.95
Jul 05 2019,2990.41
Jul 03 2019,2995.82
Jul 02 2019,2973.01
Jul 01 2019,2964.33
Jun 28 2019,2941.76
Jun 27 2019,2924.92
Jun 26 2019,2913.78
Jun 25 2019,2917.38
Jun 24 2019,2945.35
Jun 21 2019,2950.46
Jun 20 2019,2954.18
Jun 19 2019,2926.46
Jun 18 2019,2917.75
Jun 17 2019,2889.67
Jun 14 2019,2886.98
Jun 13 2019,2891.64
Jun 12 2019,2879.84
Jun 11 2019,2885.72
Jun 10 2019,2886.73
Jun 07 2019,2873.34
Jun 06 2019,2843.49
Jun 05 2019,2826.15
Jun 04 2019,2803.27
Jun 03 2019,2744.45
May 31 2019,2752.06
May 30 2019,2788.86
May 29 2019,2783.02
May 28 2019,2802.39
May 24 2019,2826.06
May 23 2019,2822.24
May 22 2019,2856.27
May 21 2019,2864.36
May 20 2019,2840.23
May 17 2019,2859.53
May 16 2019,2876.32
May 15 2019,2850.96
May 14 2019,2834.41
May 13 2019,2811.87
May 10 2019,2881.40
May 09 2019,2870.72
May 08 2019,2879.42
May 07 2019,2884.05
May 06 2019,2932.47
May 03 2019,2945.64
May 02 2019,2917.52
May 01 2019,2923.73
Apr 30 2019,2945.83
Apr 29 2019,2943.03
Apr 26 2019,2939.88
Apr 25 2019,2926.17
Apr 24 2019,2927.25
Apr 23 2019,2933.68
Apr 22 2019,2907.97
Apr 18 2019,2905.03
Apr 17 2019,2900.45
Apr 16 2019,2907.06
Apr 15 2019,2905.58
Apr 12 2019,2907.41
Apr 11 2019,2888.32
Apr 10 2019,2888.21
Apr 09 2019,2878.20
Apr 08 2019,2895.77
Apr 05 2019,2892.74
Apr 04 2019,2879.39
Apr 03 2019,2873.40
Apr 02 2019,2867.24
Apr 01 2019,2867.19
Mar 29 2019,2834.40
Mar 28 2019,2815.44
Mar 27 2019,2805.37
Mar 26 2019,2818.46
Mar 25 2019,2798.36
Mar 22 2019,2800.71
Mar 21 2019,2854.88
Mar 20 2019,2824.23
Mar 19 2019,2832.57
Mar 18 2019,2832.94
Mar 15 2019,2822.48
Mar 14 2019,2808.48
Mar 13 2019,2810.92
Mar 12 2019,2791.52
Mar 11 2019,2783.30
Mar 08 2019,2743.07
Mar 07 2019,2748.93
Mar 06 2019,2771.45
Mar 05 2019,2789.65
Mar 04 2019,2792.81
Mar 01 2019,2803.69
Feb 28 2019,2784.49
Feb 27 2019,2792.38
Feb 26 2019,2793.90
Feb 25 2019,2796.11
Feb 22 2019,2792.67
Feb 21 2019,2774.88
Feb 20 2019,2784.70
Feb 19 2019,2779.76
Feb 15 2019,2775.60
Feb 14 2019,2745.73
Feb 13 2019,2753.03
Feb 12 2019,2744.73
Feb 11 2019,2709.80
Feb 08 2019,2707.88
Feb 07 2019,2706.05
Feb 06 2019,2731.61
Feb 05 2019,2737.70
Feb 04 2019,2724.87
Feb 01 2019,2706.53
Jan 31 2019,2704.10
Jan 30 2019,2681.05
Jan 29 2019,2640.00
Jan 28 2019,2643.85
Jan 25 2019,2664.76
Jan 24 2019,2642.33
Jan 23 2019,2638.70
Jan 22 2019,2632.90
Jan 18 2019,2670.71
Jan 17 2019,2635.96
Jan 16 2019,2616.10
Jan 15 2019,2610.30
Jan 14 2019,2582.61
Jan 11 2019,2596.26
Jan 10 2019,2596.64
Jan 09 2019,2584.96
Jan 08 2019,2574.41
Jan 07 2019,2549.69
Jan 04 2019,2531.94
Jan 03 2019,2447.89
Jan 02 2019,2510.03
Dec 31 2018,2506.85
Dec 28 2018,2485.74
Dec 27 2018,2488.83
Dec 26 2018,2467.70
Dec 24 2018,2351.10
Dec 21 2018,2416.62
Dec 20 2018,2467.42
Dec 19 2018,2506.96
Dec 18 2018,2546.16
Dec 17 2018,2545.94
Dec 14 2018,2599.95
Dec 13 2018,2650.54
Dec 12 2018,2651.07
Dec 11 2018,2636.78
Dec 10 2018,2637.72
Dec 07 2018,2633.08
Dec 06 2018,2695.95
Dec 04 2018,2700.06
Dec 03 2018,2790.37
Nov 30 2018,2760.17
Nov 29 2018,2737.80
Nov 28 2018,2743.79
Nov 27 2018,2682.17
Nov 26 2018,2673.45
Nov 23 2018,2632.56
Nov 21 2018,2649.93
Nov 20 2018,2641.89
Nov 19 2018,2690.73
Nov 16 2018,2736.27
Nov 15 2018,2730.20
Nov 14 2018,2701.58
Nov 13 2018,2722.18
Nov 12 2018,2726.22
Nov 09 2018,2781.01
Nov 08 2018,2806.83
Nov 07 2018,2813.89
Nov 06 2018,2755.45
Nov 05 2018,2738.31
Nov 02 2018,2723.06
Nov 01 2018,2740.37
Oct 31 2018,2711.74
Oct 30 2018,2682.63
Oct 29 2018,2641.25
Oct 26 2018,2658.69
Oct 25 2018,2705.57
Oct 24 2018,2656.10
Oct 23 2018,2740.69
Oct 22 2018,2755.88
Oct 19 2018,2767.78
Oct 18 2018,2768.78
Oct 17 2018,2809.21
Oct 16 2018,2809.92
Oct 15 2018,2750.79
Oct 12 2018,2767.13
Oct 11 2018,2728.37
Oct 10 2018,2785.68
Oct 09 2018,2880.34
Oct 08 2018,2884.43
Oct 05 2018,2885.57
Oct 04 2018,2901.61
Oct 03 2018,2925.51
Oct 02 2018,2923.43
Oct 01 2018,2924.59
Sep 28 2018,2913.98
Sep 27 2018,2914.00
Sep 26 2018,2905.97
Sep 25 2018,2915.56
Sep 24 2018,2919.37
Sep 21 2018,2929.67
Sep 20 2018,2930.75
Sep 19 2018,2907.95
Sep 18 2018,2904.31
Sep 17 2018,2888.80
Sep 14 2018,2904.98
Sep 13 2018,2904.18
Sep 12 2018,2888.92
Sep 11 2018,2887.89
Sep 10 2018,2877.13
Sep 07 2018,2871.68
Sep 06 2018,2878.05
Sep 05 2018,2888.60
Sep 04 2018,2896.72
Aug 31 2018,2901.52
Aug 30 2018,2901.13
Aug 29 2018,2914.04
Aug 28 2018,2897.52
Aug 27 2018,2896.74
Aug 24 2018,2874.69
Aug 23 2018,2856.98
Aug 22 2018,2861.82
Aug 21 2018,2862.96
Aug 20 2018,2857.05
Aug 17 2018,2850.13
Aug 16 2018,2840.69
Aug 15 2018,2818.37
Aug 14 2018,2839.96
Aug 13 2018,2821.93
Aug 10 2018,2833.28
Aug 09 2018,2853.58
Aug 08 2018,2857.70
Aug 07 2018,2858.45
Aug 06 2018,2850.40
Aug 03 2018,2840.35
Aug 02 2018,2827.22
Aug 01 2018,2813.36
Jul 31 2018,2816.29
Jul 30 2018,2802.60
Jul 27 2018,2818.82
Jul 26 2018,2837.44
Jul 25 2018,2846.07
Jul 24 2018,2820.40
Jul 23 2018,2806.98
Jul 20 2018,2801.83
Jul 19 2018,2804.49
Jul 18 2018,2815.62
Jul 17 2018,2809.55
Jul 16 2018,2798.43
Jul 13 2018,2801.31
Jul 12 2018,2798.29
Jul 11 2018,2774.02
Jul 10 2018,2793.84
Jul 09 2018,2784.17
Jul 06 2018,2759.82
Jul 05 2018,2736.61
Jul 03 2018,2713.22
Jul 02 2018,2726.71
Jun 29 2018,2718.37
Jun 28 2018,2716.31
Jun 27 2018,2699.63
Jun 26 2018,2723.06
Jun 25 2018,2717.07
Jun 22 2018,2754.88
Jun 21 2018,2749.76
Jun 20 2018,2767.32
Jun 19 2018,2762.59
Jun 18 2018,2773.75
Jun 15 2018,2779.66
Jun 14 2018,2782.49
Jun 13 2018,2775.63
Jun 12 2018,2786.85
Jun 11 2018,2782.00
Jun 08 2018,2779.03
Jun 07 2018,2770.37
Jun 06 2018,2772.35
Jun 05 2018,2748.80
Jun 04 2018,2746.87
Jun 01 2018,2734.62
May 31 2018,2705.27
May 30 2018,2724.01
May 29 2018,2689.86
May 25 2018,2721.33
May 24 2018,2727.76
May 23 2018,2733.29
May 22 2018,2724.44
May 21 2018,2733.01
May 18 2018,2712.97
May 17 2018,2720.13
May 16 2018,2722.46
May 15 2018,2711.45
May 14 2018,2730.13
May 11 2018,2727.72
May 10 2018,2723.07
May 09 2018,2697.79
May 08 2018,2671.92
May 07 2018,2672.63
May 04 2018,2663.42
May 03 2018,2629.73
May 02 2018,2635.67
May 01 2018,2654.80
Apr 30 2018,2648.05
Apr 27 2018,2669.91
Apr 26 2018,2666.94
Apr 25 2018,2639.40
Apr 24 2018,2634.56
Apr 23 2018,2670.29
Apr 20 2018,2670.14
Apr 19 2018,2693.13
Apr 18 2018,2708.64
Apr 17 2018,2706.39
Apr 16 2018,2677.84
Apr 13 2018,2656.30
Apr 12 2018,2663.99
Apr 11 2018,2642.19
Apr 10 2018,2656.87
Apr 09 2018,2613.16
Apr 06 2018,2604.47
Apr 05 2018,2662.84
Apr 04 2018,2644.69
Apr 03 2018,2614.45
Apr 02 2018,2581.88
Mar 29 2018,2640.87
Mar 28 2018,2605.00
Mar 27 2018,2612.62
Mar 26 2018,2658.55
Mar 23 2018,2588.26
Mar 22 2018,2643.69
Mar 21 2018,2711.93
Mar 20 2018,2716.94
Mar 19 2018,2712.92
Mar 16 2018,2752.01
Mar 15 2018,2747.33
Mar 14 2018,2749.48
Mar 13 2018,2765.31
Mar 12 2018,2783.02
Mar 09 2018,2786.57
Mar 08 2018,2738.97
Mar 07 2018,2726.80
Mar 06 2018,2728.12
Mar 05 2018,2720.94
Mar 02 2018,2691.25
Mar 01 2018,2677.67
Feb 28 2018,2713.83
Feb 27 2018,2744.28
Feb 26 2018,2779.60
Feb 23 2018,2747.30
Feb 22 2018,2703.96
Feb 21 2018,2701.33
Feb 20 2018,2716.26
Feb 16 2018,2732.22
Feb 15 2018,2731.20
Feb 14 2018,2698.63
Feb 13 2018,2662.94
Feb 12 2018,2656.00
Feb 09 2018,2619.55
Feb 08 2018,2581.00
Feb 07 2018,2681.66
Feb 06 2018,2695.14
Feb 05 2018,2648.94
Feb 02 2018,2762.13
Feb 01 2018,2821.98
Jan 31 2018,2823.81
Jan 30 2018,2822.43
Jan 29 2018,2853.53
Jan 26 2018,2872.87
Jan 25 2018,2839.25
Jan 24 2018,2837.54
Jan 23 2018,2839.13
Jan 22 2018,2832.97
Jan 19 2018,2810.30
Jan 18 2018,2798.03
Jan 17 2018,2802.56
Jan 16 2018,2776.42
Jan 12 2018,2786.24
Jan 11 2018,2767.56
Jan 10 2018,2748.23
Jan 09 2018,2751.29
Jan 08 2018,2747.71
Jan 05 2018,2743.15
Jan 04 2018,2723.99
Jan 03 2018,2713.06
Jan 02 2018,2695.81
Dec 29 2017,2673.61
Dec 28 2017,2687.54
Dec 27 2017,2682.62
Dec 26 2017,2680.50
Dec 22 2017,2683.34
Dec 21 2017,2684.57
Dec 20 2017,2679.25
Dec 19 2017,2681.47
Dec 18 2017,2690.16
Dec 15 2017,2675.81
Dec 14 2017,2652.01
Dec 13 2017,2662.85
Dec 12 2017,2664.11
Dec 11 2017,2659.99
Dec 08 2017,2651.50
Dec 07 2017,2636.98
Dec 06 2017,2629.27
Dec 05 2017,2629.57
Dec 04 2017,2639.44
Dec 01 2017,2642.22
Nov 30 2017,2647.58
Nov 29 2017,2626.07
Nov 28 2017,2627.04
Nov 27 2017,2601.42
Nov 24 2017,2602.42
Nov 22 2017,2597.08
Nov 21 2017,2599.03
Nov 20 2017,2582.14
Nov 17 2017,2578.85
Nov 16 2017,2585.64
Nov 15 2017,2564.62
Nov 14 2017,2578.87
Nov 13 2017,2584.84
Nov 10 2017,2582.30
Nov 09 2017,2584.62
Nov 08 2017,2594.38
Nov 07 2017,2590.64
Nov 06 2017,2591.13
Nov 03 2017,2587.84
Nov 02 2017,2579.85
Nov 01 2017,2579.36
Oct 31 2017,2575.26
Oct 30 2017,2572.83
Oct 27 2017,2581.07
Oct 26 2017,2560.40
Oct 25 2017,2557.15
Oct 24 2017,2569.13
Oct 23 2017,2564.98
Oct 20 2017,2575.21
Oct 19 2017,2562.10
Oct 18 2017,2561.26
Oct 17 2017,2559.36
Oct 16 2017,2557.64
Oct 13 2017,2553.17
Oct 12 2017,2550.93
Oct 11 2017,2555.24
Oct 10 2017,2550.64
Oct 09 2017,2544.73
Oct 06 2017,2549.33
Oct 05 2017,2552.07
Oct 04 2017,2537.74
Oct 03 2017,2534.58
Oct 02 2017,2529.12
Sep 29 2017,2519.36
Sep 28 2017,2510.06
Sep 27 2017,2507.04
Sep 26 2017,2496.84
Sep 25 2017,2496.66
Sep 22 2017,2502.22
Sep 21 2017,2500.60
Sep 20 2017,2508.24
Sep 19 2017,2506.65
Sep 18 2017,2503.87
Sep 15 2017,2500.23
Sep 14 2017,2495.62
Sep 13 2017,2498.37
Sep 12 2017,2496.48
Sep 11 2017,2488.11
Sep 08 2017,2461.43
Sep 07 2017,2465.10
Sep 06 2017,2465.54
Sep 05 2017,2457.85
Sep 01 2017,2476.55
Aug 31 2017,2471.65
Aug 30 2017,2457.59
Aug 29 2017,2446.30
Aug 28 2017,2444.24
Aug 25 2017,2443.05
Aug 24 2017,2438.97
Aug 23 2017,2444.04
Aug 22 2017,2452.51
Aug 21 2017,2428.37
Aug 18 2017,2425.55
Aug 17 2017,2430.01
Aug 16 2017,2468.11
Aug 15 2017,2464.61
Aug 14 2017,2465.84
Aug 11 2017,2441.32
Aug 10 2017,2438.21
Aug 09 2017,2474.02
Aug 08 2017,2474.92
Aug 07 2017,2480.91
Aug 04 2017,2476.83
Aug 03 2017,2472.16
Aug 02 2017,2477.57
Aug 01 2017,2476.35
Jul 31 2017,2470.30
Jul 28 2017,2472.10
Jul 27 2017,2475.42
Jul 26 2017,2477.83
Jul 25 2017,2477.13
Jul 24 2017,2469.91
Jul 21 2017,2472.54
Jul 20 2017,2473.45
Jul 19 2017,2473.83
Jul 18 2017,2460.61
Jul 17 2017,2459.14
Jul 14 2017,2459.27
Jul 13 2017,2447.83
Jul 12 2017,2443.25
Jul 11 2017,2425.53
Jul 10 2017,2427.43
Jul 07 2017,2425.18
Jul 06 2017,2409.75
Jul 05 2017,2432.54
Jul 03 2017,2429.01
Jun 30 2017,2423.41
Jun 29 2017,2419.70
Jun 28 2017,2440.69
Jun 27 2017,2419.38
Jun 26 2017,2439.07
Jun 23 2017,2438.30
Jun 22 2017,2434.50
Jun 21 2017,2435.61
Jun 20 2017,2437.03
Jun 19 2017,2453.46
Jun 16 2017,2433.15
Jun 15 2017,2432.46
Jun 14 2017,2437.92
Jun 13 2017,2440.35
Jun 12 2017,2429.39
Jun 09 2017,2431.77
Jun 08 2017,2433.79
Jun 07 2017,2433.14
Jun 06 2017,2429.33
Jun 05 2017,2436.10
Jun 02 2017,2439.07
Jun 01 2017,2430.06
May 31 2017,2411.80
May 30 2017,2412.91
May 26 2017,2415.82
May 25 2017,2415.07
May 24 2017,2404.39
May 23 2017,2398.42
May 22 2017,2394.02
May 19 2017,2381.73
May 18 2017,2365.72
May 17 2017,2357.03
May 16 2017,2400.67
May 15 2017,2402.32
May 12 2017,2390.90
May 11 2017,2394.44
May 10 2017,2399.63
May 09 2017,2396.92
May 08 2017,2399.38
May 05 2017,2399.29
May 04 2017,2389.52
May 03 2017,2388.13
May 02 2017,2391.17
May 01 2017,2388.33
Apr 28 2017,2384.20
Apr 27 2017,2388.77
Apr 26 2017,2387.45
Apr 25 2017,2388.61
Apr 24 2017,2374.15
Apr 21 2017,2348.69
Apr 20 2017,2355.84
Apr 19 2017,2338.17
Apr 18 2017,2342.19
Apr 17 2017,2349.01
Apr 13 2017,2328.95
Apr 12 2017,2344.93
Apr 11 2017,2353.78
Apr 10 2017,2357.16
Apr 07 2017,2355.54
Apr 06 2017,2357.49
Apr 05 2017,2352.95
Apr 04 2017,2360.16
Apr 03 2017,2358.84
Mar 31 2017,2362.72
Mar 30 2017,2368.06
Mar 29 2017,2361.13
Mar 28 2017,2358.57
Mar 27 2017,2341.59
Mar 24 2017,2343.98
Mar 23 2017,2345.96
Mar 22 2017,2348.45
Mar 21 2017,2344.02
Mar 20 2017,2373.47
Mar 17 2017,2378.25
Mar 16 2017,2381.38
Mar 15 2017,2385.26
Mar 14 2017,2365.45
Mar 13 2017,2373.47
Mar 10 2017,2372.60
Mar 09 2017,2364.87
Mar 08 2017,2362.98
Mar 07 2017,2368.39
Mar 06 2017,2375.31
Mar 03 2017,2383.12
Mar 02 2017,2381.92
Mar 01 2017,2395.96
Feb 28 2017,2363.64
Feb 27 2017,2369.75
Feb 24 2017,2367.34
Feb 23 2017,2363.81
Feb 22 2017,2362.82
Feb 21 2017,2365.38
Feb 17 2017,2351.16
Feb 16 2017,2347.22
Feb 15 2017,2349.25
Feb 14 2017,2337.58
Feb 13 2017,2328.25
Feb 10 2017,2316.10
Feb 09 2017,2307.87
Feb 08 2017,2294.67
Feb 07 2017,2293.08
Feb 06 2017,2292.56
Feb 03 2017,2297.42
Feb 02 2017,2280.85
Feb 01 2017,2279.55
Jan 31 2017,2278.87
Jan 30 2017,2280.90
Jan 27 2017,2294.69
Jan 26 2017,2296.68
Jan 25 2017,2298.37
Jan 24 2017,2280.07
Jan 23 2017,2265.20
Jan 20 2017,2271.31
Jan 19 2017,2263.69
Jan 18 2017,2271.89
Jan 17 2017,2267.89
Jan 13 2017,2274.64
Jan 12 2017,2270.44
Jan 11 2017,2275.32
Jan 10 2017,2268.90
Jan 09 2017,2268.90
Jan 06 2017,2276.98
Jan 05 2017,2269.00
Jan 04 2017,2270.75
Jan 03 2017,2257.83
Dec 30 2016,2238.83
Dec 29 2016,2249.26
Dec 28 2016,2249.92
Dec 27 2016,2268.88
Dec 23 2016,2263.79
Dec 22 2016,2260.96
Dec 21 2016,2265.18
Dec 20 2016,2270.76
Dec 19 2016,2262.53
Dec 16 2016,2258.07
Dec 15 2016,2262.03
Dec 14 2016,2253.28
Dec 13 2016,2271.72
Dec 12 2016,2256.96
Dec 09 2016,2259.53
Dec 08 2016,2246.19
Dec 07 2016,2241.35
Dec 06 2016,2212.23
Dec 05 2016,2204.71
Dec 02 2016,2191.95
Dec 01 2016,2191.08
Nov 30 2016,2198.81
Nov 29 2016,2204.66
Nov 28 2016,2201.72
Nov 25 2016,2213.35
Nov 23 2016,2204.72
Nov 22 2016,2202.94
Nov 21 2016,2198.18
Nov 18 2016,2181.90
Nov 17 2016,2187.12
Nov 16 2016,2176.94
Nov 15 2016,2180.39
Nov 14 2016,2164.20
Nov 11 2016,2164.45
Nov 10 2016,2167.48
Nov 09 2016,2163.26
Nov 08 2016,2139.56
Nov 07 2016,2131.52
Nov 04 2016,2085.18
Nov 03 2016,2088.66
Nov 02 2016,2097.94
Nov 01 2016,2111.72
Oct 31 2016,2126.15
Oct 28 2016,2126.41
Oct 27 2016,2133.04
Oct 26 2016,2139.43
Oct 25 2016,2143.16
Oct 24 2016,2151.33
Oct 21 2016,2141.16
Oct 20 2016,2141.34
Oct 19 2016,2144.29
Oct 18 2016,2139.60
Oct 17 2016,2126.50
Oct 14 2016,2132.98
Oct 13 2016,2132.55
Oct 12 2016,2139.18
Oct 11 2016,2136.73
Oct 10 2016,2163.66
Oct 07 2016,2153.74
Oct 06 2016,2160.77
Oct 05 2016,2159.73
Oct 04 2016,2150.49
Oct 03 2016,2161.20
Sep 30 2016,2168.27
Sep 29 2016,2151.13
Sep 28 2016,2171.37
Sep 27 2016,2159.93
Sep 26 2016,2146.10
Sep 23 2016,2164.69
Sep 22 2016,2177.18
Sep 21 2016,2163.12
Sep 20 2016,2139.76
Sep 19 2016,2139.12
Sep 16 2016,2139.16
Sep 15 2016,2147.26
Sep 14 2016,2125.77
Sep 13 2016,2127.02
Sep 12 2016,2159.04
Sep 09 2016,2127.81
Sep 08 2016,2181.30
Sep 07 2016,2186.16
Sep 06 2016,2186.48
Sep 02 2016,2179.98
Sep 01 2016,2170.86
Aug 31 2016,2170.95
Aug 30 2016,2176.12
Aug 29 2016,2180.38
Aug 26 2016,2169.04
Aug 25 2016,2172.47
Aug 24 2016,2175.44
Aug 23 2016,2186.90
Aug 22 2016,2182.64
Aug 19 2016,2183.87
Aug 18 2016,2187.02
Aug 17 2016,2182.22
Aug 16 2016,2178.15
Aug 15 2016,2190.15
Aug 12 2016,2184.05
Aug 11 2016,2185.79
Aug 10 2016,2175.49
Aug 09 2016,2181.74
Aug 08 2016,2180.89
Aug 05 2016,2182.87
Aug 04 2016,2164.25
Aug 03 2016,2163.79
Aug 02 2016,2157.03
Aug 01 2016,2170.84
Jul 29 2016,2173.60
Jul 28 2016,2170.06
Jul 27 2016,2166.58
Jul 26 2016,2169.18
Jul 25 2016,2168.48
Jul 22 2016,2175.03
Jul 21 2016,2165.17
Jul 20 2016,2173.02
Jul 19 2016,2163.78
Jul 18 2016,2166.89
Jul 15 2016,2161.74
Jul 14 2016,2163.75
Jul 13 2016,2152.43
Jul 12 2016,2152.14
Jul 11 2016,2137.16
Jul 08 2016,2129.90
Jul 07 2016,2097.90
Jul 06 2016,2099.73
Jul 05 2016,2088.55
Jul 01 2016,2102.95
Jun 30 2016,2098.86
Jun 29 2016,2070.77
Jun 28 2016,2036.09
Jun 27 2016,2000.54
Jun 24 2016,2037.41
Jun 23 2016,2113.32
Jun 22 2016,2085.45
Jun 21 2016,2088.90
Jun 20 2016,2083.25
Jun 17 2016,2071.22
Jun 16 2016,2077.99
Jun 15 2016,2071.50
Jun 14 2016,2075.32
Jun 13 2016,2079.06
Jun 10 2016,2096.07
Jun 09 2016,2115.48
Jun 08 2016,2119.12
Jun 07 2016,2112.13
Jun 06 2016,2109.41
Jun 03 2016,2099.13
Jun 02 2016,2105.26
Jun 01 2016,2099.33
May 31 2016,2096.95
May 27 2016,2099.06
May 26 2016,2090.10
May 25 2016,2090.54
May 24 2016,2076.06
May 23 2016,2048.04
May 20 2016,2052.32
May 19 2016,2040.04
May 18 2016,2047.63
May 17 2016,2047.21
May 16 2016,2066.66
May 13 2016,2046.61
May 12 2016,2064.11
May 11 2016,2064.46
May 10 2016,2084.39
May 09 2016,2058.69
May 06 2016,2057.14
May 05 2016,2050.63
May 04 2016,2051.12
May 03 2016,2063.37
May 02 2016,2081.43
Apr 29 2016,2065.30
Apr 28 2016,2075.81
Apr 27 2016,2095.15
Apr 26 2016,2091.70
Apr 25 2016,2087.79
Apr 22 2016,2091.58
Apr 21 2016,2091.48
Apr 20 2016,2102.40
Apr 19 2016,2100.80
Apr 18 2016,2094.34
Apr 15 2016,2080.73
Apr 14 2016,2082.78
Apr 13 2016,2082.42
Apr 12 2016,2061.72
Apr 11 2016,2041.99
Apr 08 2016,2047.60
Apr 07 2016,2041.91
Apr 06 2016,2066.66
Apr 05 2016,2045.17
Apr 04 2016,2066.13
Apr 01 2016,2072.78
Mar 31 2016,2059.74
Mar 30 2016,2063.95
Mar 29 2016,2055.01
Mar 28 2016,2037.05
Mar 24 2016,2035.94
Mar 23 2016,2036.71
Mar 22 2016,2049.80
Mar 21 2016,2051.60
Mar 18 2016,2049.58
Mar 17 2016,2040.59
Mar 16 2016,2027.22
Mar 15 2016,2015.93
Mar 14 2016,2019.64
Mar 11 2016,2022.19
Mar 10 2016,1989.57
Mar 09 2016,1989.26
Mar 08 2016,1979.26
Mar 07 2016,2001.76
Mar 04 2016,1999.99
Mar 03 2016,1993.40
Mar 02 2016,1986.45
Mar 01 2016,1978.35
Feb 29 2016,1932.23
Feb 26 2016,1948.05
Feb 25 2016,1951.70
Feb 24 2016,1929.80
Feb 23 2016,1921.27
Feb 22 2016,1945.50
Feb 19 2016,1917.78
Feb 18 2016,1917.83
Feb 17 2016,1926.82
Feb 16 2016,1895.58
Feb 12 2016,1864.78
Feb 11 2016,1829.08
Feb 10 2016,1851.86
Feb 09 2016,1852.21
Feb 08 2016,1853.44
Feb 05 2016,1880.05
Feb 04 2016,1915.45
Feb 03 2016,1912.53
Feb 02 2016,1903.03
Feb 01 2016,1939.38
Jan 29 2016,1940.24
Jan 28 2016,1893.36
Jan 27 2016,1882.95
Jan 26 2016,1903.63
Jan 25 2016,1877.08
Jan 22 2016,1906.90
Jan 21 2016,1868.99
Jan 20 2016,1859.33
Jan 19 2016,1881.33
Jan 15 2016,1880.33
Jan 14 2016,1921.84
Jan 13 2016,1890.28
Jan 12 2016,1938.68
Jan 11 2016,1923.67
Jan 08 2016,1922.03
Jan 07 2016,1943.09
Jan 06 2016,1990.26
Jan 05 2016,2016.71
Jan 04 2016,2012.66
Dec 31 2015,2043.94
Dec 30 2015,2063.36
Dec 29 2015,2078.36
Dec 28 2015,2056.50
Dec 24 2015,2060.99
Dec 23 2015,2064.29
Dec 22 2015,2038.97
Dec 21 2015,2021.15
Dec 18 2015,2005.55
Dec 17 2015,2041.89
Dec 16 2015,2073.07
Dec 15 2015,2043.41
Dec 14 2015,2021.94
Dec 11 2015,2012.37
Dec 10 2015,2052.23
Dec 09 2015,2047.62
Dec 08 2015,2063.59
Dec 07 2015,2077.07
Dec 04 2015,2091.69
Dec 03 2015,2049.62
Dec 02 2015,2079.51
Dec 01 2015,2102.63
Nov 30 2015,2080.41
Nov 27 2015,2090.11
Nov 25 2015,2088.87
Nov 24 2015,2089.14
Nov 23 2015,2086.59
Nov 20 2015,2089.17
Nov 19 2015,2081.24
Nov 18 2015,2083.58
Nov 17 2015,2050.44
Nov 16 2015,2053.19
Nov 13 2015,2023.04
Nov 12 2015,2045.97
Nov 11 2015,2075.00
Nov 10 2015,2081.72
Nov 09 2015,2078.58
Nov 06 2015,2099.20
Nov 05 2015,2099.93
Nov 04 2015,2102.31
Nov 03 2015,2109.79
Nov 02 2015,2104.05
Oct 30 2015,2079.36
Oct 29 2015,2089.41
Oct 28 2015,2090.35
Oct 27 2015,2065.89
Oct 26 2015,2071.18
Oct 23 2015,2075.15
Oct 22 2015,2052.51
Oct 21 2015,2018.94
Oct 20 2015,2030.77
Oct 19 2015,2033.66
Oct 16 2015,2033.11
Oct 15 2015,2023.86
Oct 14 2015,1994.24
Oct 13 2015,2003.69
Oct 12 2015,2017.46
Oct 09 2015,2014.89
Oct 08 2015,2013.43
Oct 07 2015,1995.83
Oct 06 2015,1979.92
Oct 05 2015,1987.05
Oct 02 2015,1951.36
Oct 01 2015,1923.82
Sep 30 2015,1920.03
Sep 29 2015,1884.09
Sep 28 2015,1881.77
Sep 25 2015,1931.34
Sep 24 2015,1932.24
Sep 23 2015,1938.76
Sep 22 2015,1942.74
Sep 21 2015,1966.97
Sep 18 2015,1958.03
Sep 17 2015,1990.20
Sep 16 2015,1995.31
Sep 15 2015,1978.09
Sep 14 2015,1953.03
Sep 11 2015,1961.05
Sep 10 2015,1952.29
Sep 09 2015,1942.04
Sep 08 2015,1969.41
Sep 04 2015,1921.22
Sep 03 2015,1951.13
Sep 02 2015,1948.86
Sep 01 2015,1913.85
Aug 31 2015,1972.18
Aug 28 2015,1988.87
Aug 27 2015,1987.66
Aug 26 2015,1940.51
Aug 25 2015,1867.61
Aug 24 2015,1893.21
Aug 21 2015,1970.89
Aug 20 2015,2035.73
Aug 19 2015,2079.61
Aug 18 2015,2096.92
Aug 17 2015,2102.44
Aug 14 2015,2091.54
Aug 13 2015,2083.39
Aug 12 2015,2086.05
Aug 11 2015,2084.07
Aug 10 2015,2104.18
Aug 07 2015,2077.57
Aug 06 2015,2083.56
Aug 05 2015,2099.84
Aug 04 2015,2093.32
Aug 03 2015,2098.04
Jul 31 2015,2103.84
Jul 30 2015,2108.63
Jul 29 2015,2108.57
Jul 28 2015,2093.25
Jul 27 2015,2067.64
Jul 24 2015,2079.65
Jul 23 2015,2102.15
Jul 22 2015,2114.15
Jul 21 2015,2119.21
Jul 20 2015,2128.28
Jul 17 2015,2126.64
Jul 16 2015,2124.29
Jul 15 2015,2107.40
Jul 14 2015,2108.95
Jul 13 2015,2099.60
Jul 10 2015,2076.62
Jul 09 2015,2051.31
Jul 08 2015,2046.68
Jul 07 2015,2081.34
Jul 06 2015,2068.76
Jul 02 2015,2076.78
Jul 01 2015,2077.42
Jun 30 2015,2063.11
Jun 29 2015,2057.64
Jun 26 2015,2101.49
Jun 25 2015,2102.31
Jun 24 2015,2108.58
Jun 23 2015,2124.20
Jun 22 2015,2122.85
Jun 19 2015,2109.99
Jun 18 2015,2121.24
Jun 17 2015,2100.44
Jun 16 2015,2096.29
Jun 15 2015,2084.43
Jun 12 2015,2094.11
Jun 11 2015,2108.86
Jun 10 2015,2105.20
Jun 09 2015,2080.15
Jun 08 2015,2079.28
Jun 05 2015,2092.83
Jun 04 2015,2095.84
Jun 03 2015,2114.07
Jun 02 2015,2109.60
Jun 01 2015,2111.73
May 29 2015,2107.39
May 28 2015,2120.79
May 27 2015,2123.48
May 26 2015,2104.20
May 22 2015,2126.06
May 21 2015,2130.82
May 20 2015,2125.85
May 19 2015,2127.83
May 18 2015,2129.20
May 15 2015,2122.73
May 14 2015,2121.10
May 13 2015,2098.48
May 12 2015,2099.12
May 11 2015,2105.33
May 08 2015,2116.10
May 07 2015,2088.00
May 06 2015,2080.15
May 05 2015,2089.46
May 04 2015,2114.49
May 01 2015,2108.29
Apr 30 2015,2085.51
Apr 29 2015,2106.85
Apr 28 2015,2114.76
Apr 27 2015,2108.92
Apr 24 2015,2117.69
Apr 23 2015,2112.93
Apr 22 2015,2107.96
Apr 21 2015,2097.29
Apr 20 2015,2100.40
Apr 17 2015,2081.18
Apr 16 2015,2104.99
Apr 15 2015,2106.63
Apr 14 2015,2095.84
Apr 13 2015,2092.43
Apr 10 2015,2102.06
Apr 09 2015,2091.18
Apr 08 2015,2081.90
Apr 07 2015,2076.33
Apr 06 2015,2080.62
Apr 02 2015,2066.96
Apr 01 2015,2059.69
Mar 31 2015,2067.89
Mar 30 2015,2086.24
Mar 27 2015,2061.02
Mar 26 2015,2056.15
Mar 25 2015,2061.05
Mar 24 2015,2091.50
Mar 23 2015,2104.42
Mar 20 2015,2108.10
Mar 19 2015,2089.27
Mar 18 2015,2099.50
Mar 17 2015,2074.28
Mar 16 2015,2081.19
Mar 13 2015,2053.40
Mar 12 2015,2065.95
Mar 11 2015,2040.24
Mar 10 2015,2044.16
Mar 09 2015,2079.43
Mar 06 2015,2071.26
Mar 05 2015,2101.04
Mar 04 2015,2098.53
Mar 03 2015,2107.78
Mar 02 2015,2117.39
Feb 27 2015,2104.50
Feb 26 2015,2110.74
Feb 25 2015,2113.86
Feb 24 2015,2115.48
Feb 23 2015,2109.66
Feb 20 2015,2110.30
Feb 19 2015,2097.45
Feb 18 2015,2099.68
Feb 17 2015,2100.34
Feb 13 2015,2096.99
Feb 12 2015,2088.48
Feb 11 2015,2068.53
Feb 10 2015,2068.59
Feb 09 2015,2046.74
Feb 06 2015,2055.47
Feb 05 2015,2062.52
Feb 04 2015,2041.51
Feb 03 2015,2050.03
Feb 02 2015,2020.85
Jan 30 2015,1994.99
Jan 29 2015,2021.25
Jan 28 2015,2002.16
Jan 27 2015,2029.55
Jan 26 2015,2057.09
Jan 23 2015,2051.82
Jan 22 2015,2063.15
Jan 21 2015,2032.12
Jan 20 2015,2022.55
Jan 16 2015,2019.42
Jan 15 2015,1992.67
Jan 14 2015,2011.27
Jan 13 2015,2023.03
Jan 12 2015,2028.26
Jan 09 2015,2044.81
Jan 08 2015,2062.14
Jan 07 2015,2025.90
Jan 06 2015,2002.61
Jan 05 2015,2020.58
Jan 02 2015,2058.20
Dec 31 2014,2058.90
Dec 30 2014,2080.35
Dec 29 2014,2090.57
Dec 26 2014,2088.77
Dec 24 2014,2081.88
Dec 23 2014,2082.17
Dec 22 2014,2078.54
Dec 19 2014,2070.65
Dec 18 2014,2061.23
Dec 17 2014,2012.89
Dec 16 2014,1972.74
Dec 15 2014,1989.63
Dec 12 2014,2002.33
Dec 11 2014,2035.33
Dec 10 2014,2026.14
Dec 09 2014,2059.82
Dec 08 2014,2060.31
Dec 05 2014,2075.37
Dec 04 2014,2071.92
Dec 03 2014,2074.33
Dec 02 2014,2066.55
Dec 01 2014,2053.44
Nov 28 2014,2067.56
Nov 26 2014,2072.83
Nov 25 2014,2067.03
Nov 24 2014,2069.41
Nov 21 2014,2063.50
Nov 20 2014,2052.75
Nov 19 2014,2048.72
Nov 18 2014,2051.80
Nov 17 2014,2041.32
Nov 14 2014,2039.82
Nov 13 2014,2039.33
Nov 12 2014,2038.25
Nov 11 2014,2039.68
Nov 10 2014,2038.26
Nov 07 2014,2031.92
Nov 06 2014,2031.21
Nov 05 2014,2023.57
Nov 04 2014,2012.10
Nov 03 2014,2017.81
Oct 31 2014,2018.05
Oct 30 2014,1994.65
Oct 29 2014,1982.30
Oct 28 2014,1985.05
Oct 27 2014,1961.63
Oct 24 2014,1964.58
Oct 23 2014,1950.82
Oct 22 2014,1927.11
Oct 21 2014,1941.28
Oct 20 2014,1904.01
Oct 17 2014,1886.76
Oct 16 2014,1862.76
Oct 15 2014,1862.49
Oct 14 2014,1877.70
Oct 13 2014,1874.74
Oct 10 2014,1906.13
Oct 09 2014,1928.21
Oct 08 2014,1968.89
Oct 07 2014,1935.10
Oct 06 2014,1964.82
Oct 03 2014,1967.90
Oct 02 2014,1946.17
Oct 01 2014,1946.16
Sep 30 2014,1972.29
Sep 29 2014,1977.80
Sep 26 2014,1982.85
Sep 25 2014,1965.99
Sep 24 2014,1998.30
Sep 23 2014,1982.77
Sep 22 2014,1994.29
Sep 19 2014,2010.40
Sep 18 2014,2011.36
Sep 17 2014,2001.57
Sep 16 2014,1998.98
Sep 15 2014,1984.13
Sep 12 2014,1985.54
Sep 11 2014,1997.45
Sep 10 2014,1995.69
Sep 09 2014,1988.44
Sep 08 2014,2001.54
Sep 05 2014,2007.71
Sep 04 2014,1997.65
Sep 03 2014,2000.72
Sep 02 2014,2002.28
Aug 29 2014,2003.37
Aug 28 2014,1996.74
Aug 27 2014,2000.12
Aug 26 2014,2000.02
Aug 25 2014,1997.92
Aug 22 2014,1988.40
Aug 21 2014,1992.37
Aug 20 2014,1986.51
Aug 19 2014,1981.60
Aug 18 2014,1971.74
Aug 15 2014,1955.06
Aug 14 2014,1955.18
Aug 13 2014,1946.72
Aug 12 2014,1933.75
Aug 11 2014,1936.92
Aug 08 2014,1931.59
Aug 07 2014,1909.57
Aug 06 2014,1920.24
Aug 05 2014,1920.21
Aug 04 2014,1938.99
Aug 01 2014,1925.15
Jul 31 2014,1930.67
Jul 30 2014,1970.07
Jul 29 2014,1969.95
Jul 28 2014,1978.91
Jul 25 2014,1978.34
Jul 24 2014,1987.98
Jul 23 2014,1987.01
Jul 22 2014,1983.53
Jul 21 2014,1973.63
Jul 18 2014,1978.22
Jul 17 2014,1958.12
Jul 16 2014,1981.57
Jul 15 2014,1973.28
Jul 14 2014,1977.10
Jul 11 2014,1967.57
Jul 10 2014,1964.68
Jul 09 2014,1972.83
Jul 08 2014,1963.71
Jul 07 2014,1977.65
Jul 03 2014,1985.44
Jul 02 2014,1974.62
Jul 01 2014,1973.32
Jun 30 2014,1960.23
Jun 27 2014,1960.96
Jun 26 2014,1957.22
Jun 25 2014,1959.53
Jun 24 2014,1949.98
Jun 23 2014,1962.61
Jun 20 2014,1962.87
Jun 19 2014,1959.48
Jun 18 2014,1956.98
Jun 17 2014,1941.99
Jun 16 2014,1937.78
Jun 13 2014,1936.16
Jun 12 2014,1930.11
Jun 11 2014,1943.89
Jun 10 2014,1950.79
Jun 09 2014,1951.27
Jun 06 2014,1949.44
Jun 05 2014,1940.46
Jun 04 2014,1927.88
Jun 03 2014,1924.24
Jun 02 2014,1924.97
May 30 2014,1923.57
May 29 2014,1920.03
May 28 2014,1909.78
May 27 2014,1911.91
May 23 2014,1900.53
May 22 2014,1892.49
May 21 2014,1888.03
May 20 2014,1872.83
May 19 2014,1885.08
May 16 2014,1877.86
May 15 2014,1870.85
May 14 2014,1888.53
May 13 2014,1897.45
May 12 2014,1896.65
May 09 2014,1878.48
May 08 2014,1875.63
May 07 2014,1878.21
May 06 2014,1867.72
May 05 2014,1884.66
May 02 2014,1881.14
May 01 2014,1883.68
Apr 30 2014,1883.95
Apr 29 2014,1878.33
Apr 28 2014,1869.43
Apr 25 2014,1863.40
Apr 24 2014,1878.61
Apr 23 2014,1875.39
Apr 22 2014,1879.55
Apr 21 2014,1871.89
Apr 17 2014,1864.85
Apr 16 2014,1862.31
Apr 15 2014,1842.98
Apr 14 2014,1830.61
Apr 11 2014,1815.69
Apr 10 2014,1833.08
Apr 09 2014,1872.18
Apr 08 2014,1851.96
Apr 07 2014,1845.04
Apr 04 2014,1865.09
Apr 03 2014,1888.77
Apr 02 2014,1890.90
Apr 01 2014,1885.52
Mar 31 2014,1872.34
Mar 28 2014,1857.62
Mar 27 2014,1849.04
Mar 26 2014,1852.56
Mar 25 2014,1865.62
Mar 24 2014,1857.44
Mar 21 2014,1866.52
Mar 20 2014,1872.01
Mar 19 2014,1860.77
Mar 18 2014,1872.25
Mar 17 2014,1858.83
Mar 14 2014,1841.13
Mar 13 2014,1846.34
Mar 12 2014,1868.20
Mar 11 2014,1867.63
Mar 10 2014,1877.17
Mar 07 2014,1878.04
Mar 06 2014,1877.03
Mar 05 2014,1873.81
Mar 04 2014,1873.91
Mar 03 2014,1845.73
Feb 28 2014,1859.45
Feb 27 2014,1854.29
Feb 26 2014,1845.16
Feb 25 2014,1845.12
Feb 24 2014,1847.61
Feb 21 2014,1836.25
Feb 20 2014,1839.78
Feb 19 2014,1828.75
Feb 18 2014,1840.76
Feb 14 2014,1838.63
Feb 13 2014,1829.83
Feb 12 2014,1819.26
Feb 11 2014,1819.75
Feb 10 2014,1799.84
Feb 07 2014,1797.02
Feb 06 2014,1773.43
Feb 05 2014,1751.64
Feb 04 2014,1755.20
Feb 03 2014,1741.89
Jan 31 2014,1782.59
Jan 30 2014,1794.19
Jan 29 2014,1774.20
Jan 28 2014,1792.50
Jan 27 2014,1781.56
Jan 24 2014,1790.29
Jan 23 2014,1828.46
Jan 22 2014,1844.86
Jan 21 2014,1843.80
Jan 17 2014,1838.70
Jan 16 2014,1845.89
Jan 15 2014,1848.38
Jan 14 2014,1838.88
Jan 13 2014,1819.20
Jan 10 2014,1842.37
Jan 09 2014,1838.13
Jan 08 2014,1837.49
Jan 07 2014,1837.88
Jan 06 2014,1826.77
Jan 03 2014,1831.37
Jan 02 2014,1831.98
Dec 31 2013,1848.36
Dec 30 2013,1841.07
Dec 27 2013,1841.40
Dec 26 2013,1842.02
Dec 24 2013,1833.32
Dec 23 2013,1827.99
Dec 20 2013,1818.32
Dec 19 2013,1809.60
Dec 18 2013,1810.65
Dec 17 2013,1781.00
Dec 16 2013,1786.54
Dec 13 2013,1775.32
Dec 12 2013,1775.50
Dec 11 2013,1782.22
Dec 10 2013,1802.62
Dec 09 2013,1808.37
Dec 06 2013,1805.09
Dec 05 2013,1785.03
Dec 04 2013,1792.81
Dec 03 2013,1795.15
Dec 02 2013,1800.90
Nov 29 2013,1805.81
Nov 27 2013,1807.23
Nov 26 2013,1802.75
Nov 25 2013,1802.48
Nov 22 2013,1804.76
Nov 21 2013,1795.85
Nov 20 2013,1781.37
Nov 19 2013,1787.87
Nov 18 2013,1791.53
Nov 15 2013,1798.18
Nov 14 2013,1790.62
Nov 13 2013,1782.00
Nov 12 2013,1767.69
Nov 11 2013,1771.89
Nov 08 2013,1770.61
Nov 07 2013,1747.15
Nov 06 2013,1770.49
Nov 05 2013,1762.97
Nov 04 2013,1767.93
Nov 01 2013,1761.64
Oct 31 2013,1756.54
Oct 30 2013,1763.31
Oct 29 2013,1771.95
Oct 28 2013,1762.11
Oct 25 2013,1759.77
Oct 24 2013,1752.07
Oct 23 2013,1746.38
Oct 22 2013,1754.67
Oct 21 2013,1744.66
Oct 18 2013,1744.50
Oct 17 2013,1733.15
Oct 16 2013,1721.54
Oct 15 2013,1698.06
Oct 14 2013,1710.14
Oct 11 2013,1703.20
Oct 10 2013,1692.56
Oct 09 2013,1656.40
Oct 08 2013,1655.45
Oct 07 2013,1676.12
Oct 04 2013,1690.50
Oct 03 2013,1678.66
Oct 02 2013,1693.87
Oct 01 2013,1695.00
Sep 30 2013,1681.55
Sep 27 2013,1691.75
Sep 26 2013,1698.67
Sep 25 2013,1692.77
Sep 24 2013,1697.42
Sep 23 2013,1701.84
Sep 20 2013,1709.91
Sep 19 2013,1722.34
Sep 18 2013,1725.52
Sep 17 2013,1704.76
Sep 16 2013,1697.60
Sep 13 2013,1687.99
Sep 12 2013,1683.42
Sep 11 2013,1689.13
Sep 10 2013,1683.99
Sep 09 2013,1671.71
Sep 06 2013,1655.17
Sep 05 2013,1655.08
Sep 04 2013,1653.08
Sep 03 2013,1639.77
Aug 30 2013,1632.97
Aug 29 2013,1638.17
Aug 28 2013,1634.96
Aug 27 2013,1630.48
Aug 26 2013,1656.78
Aug 23 2013,1663.50
Aug 22 2013,1656.96
Aug 21 2013,1642.80
Aug 20 2013,1652.35
Aug 19 2013,1646.06
Aug 16 2013,1655.83
Aug 15 2013,1661.32
Aug 14 2013,1685.39
Aug 13 2013,1694.16
Aug 12 2013,1689.47
Aug 09 2013,1691.42
Aug 08 2013,1697.48
Aug 07 2013,1690.91
Aug 06 2013,1697.37
Aug 05 2013,1707.14
Aug 02 2013,1709.67
Aug 01 2013,1706.87
Jul 31 2013,1685.73
Jul 30 2013,1685.96
Jul 29 2013,1685.33
Jul 26 2013,1691.65
Jul 25 2013,1690.25
Jul 24 2013,1685.94
Jul 23 2013,1692.39
Jul 22 2013,1695.53
Jul 19 2013,1692.09
Jul 18 2013,1689.37
Jul 17 2013,1680.91
Jul 16 2013,1676.26
Jul 15 2013,1682.50
Jul 12 2013,1680.19
Jul 11 2013,1675.02
Jul 10 2013,1652.62
Jul 09 2013,1652.32
Jul 08 2013,1640.46
Jul 05 2013,1631.89
Jul 03 2013,1615.41
Jul 02 2013,1614.08
Jul 01 2013,1614.96
Jun 28 2013,1606.28
Jun 27 2013,1613.20
Jun 26 2013,1603.26
Jun 25 2013,1588.03
Jun 24 2013,1573.09
Jun 21 2013,1592.43
Jun 20 2013,1588.19
Jun 19 2013,1628.93
Jun 18 2013,1651.81
Jun 17 2013,1639.04
Jun 14 2013,1626.73
Jun 13 2013,1636.36
Jun 12 2013,1612.52
Jun 11 2013,1626.13
Jun 10 2013,1642.81
Jun 07 2013,1643.38
Jun 06 2013,1622.56
Jun 05 2013,1608.90
Jun 04 2013,1631.38
Jun 03 2013,1640.42
May 31 2013,1630.74
May 30 2013,1654.41
May 29 2013,1648.36
May 28 2013,1660.06
May 24 2013,1649.60
May 23 2013,1650.51
May 22 2013,1655.35
May 21 2013,1669.16
May 20 2013,1666.29
May 17 2013,1667.47
May 16 2013,1650.47
May 15 2013,1658.78
May 14 2013,1650.34
May 13 2013,1633.77
May 10 2013,1633.70
May 09 2013,1626.67
May 08 2013,1632.69
May 07 2013,1625.96
May 06 2013,1617.50
May 03 2013,1614.42
May 02 2013,1597.59
May 01 2013,1582.70
Apr 30 2013,1597.57
Apr 29 2013,1593.61
Apr 26 2013,1582.24
Apr 25 2013,1585.16
Apr 24 2013,1578.79
Apr 23 2013,1578.78
Apr 22 2013,1562.50
Apr 19 2013,1555.25
Apr 18 2013,1541.61
Apr 17 2013,1552.01
Apr 16 2013,1574.57
Apr 15 2013,1552.36
Apr 12 2013,1588.85
Apr 11 2013,1593.37
Apr 10 2013,1587.73
Apr 09 2013,1568.61
Apr 08 2013,1563.07
Apr 05 2013,1553.28
Apr 04 2013,1559.98
Apr 03 2013,1553.69
Apr 02 2013,1570.25
Apr 01 2013,1562.17
Mar 28 2013,1569.19
Mar 27 2013,1562.85
Mar 26 2013,1563.77
Mar 25 2013,1551.69
Mar 22 2013,1556.89
Mar 21 2013,1545.80
Mar 20 2013,1558.71
Mar 19 2013,1548.34
Mar 18 2013,1552.10
Mar 15 2013,1560.70
Mar 14 2013,1563.23
Mar 13 2013,1554.52
Mar 12 2013,1552.48
Mar 11 2013,1556.22
Mar 08 2013,1551.18
Mar 07 2013,1544.26
Mar 06 2013,1541.46
Mar 05 2013,1539.79
Mar 04 2013,1525.20
Mar 01 2013,1518.20
Feb 28 2013,1514.68
Feb 27 2013,1515.99
Feb 26 2013,1496.94
Feb 25 2013,1487.85
Feb 22 2013,1515.60
Feb 21 2013,1502.42
Feb 20 2013,1511.95
Feb 19 2013,1530.94
Feb 15 2013,1519.79
Feb 14 2013,1521.38
Feb 13 2013,1520.33
Feb 12 2013,1519.43
Feb 11 2013,1517.01
Feb 08 2013,1517.93
Feb 07 2013,1509.39
Feb 06 2013,1512.12
Feb 05 2013,1511.29
Feb 04 2013,1495.71
Feb 01 2013,1513.17
Jan 31 2013,1498.11
Jan 30 2013,1501.96
Jan 29 2013,1507.84
Jan 28 2013,1500.18
Jan 25 2013,1502.96
Jan 24 2013,1494.82
Jan 23 2013,1494.81
Jan 22 2013,1492.56
Jan 18 2013,1485.98
Jan 17 2013,1480.94
Jan 16 2013,1472.63
Jan 15 2013,1472.34
Jan 14 2013,1470.68
Jan 11 2013,1472.05
Jan 10 2013,1472.12
Jan 09 2013,1461.02
Jan 08 2013,1457.15
Jan 07 2013,1461.89
Jan 04 2013,1466.47
Jan 03 2013,1459.37
Jan 02 2013,1462.42
Dec 31 2012,1426.19
Dec 28 2012,1402.43
Dec 27 2012,1418.10
Dec 26 2012,1419.83
Dec 24 2012,1426.66
Dec 21 2012,1430.15
Dec 20 2012,1443.69
Dec 19 2012,1435.81
Dec 18 2012,1446.79
Dec 17 2012,1430.36
Dec 14 2012,1413.58
Dec 13 2012,1419.45
Dec 12 2012,1428.48
Dec 11 2012,1427.84
Dec 10 2012,1418.55
Dec 07 2012,1418.07
Dec 06 2012,1413.94
Dec 05 2012,1409.28
Dec 04 2012,1407.05
Dec 03 2012,1409.46
Nov 30 2012,1416.18
Nov 29 2012,1415.95
Nov 28 2012,1409.93
Nov 27 2012,1398.94
Nov 26 2012,1406.29
Nov 23 2012,1409.15
Nov 21 2012,1391.03
Nov 20 2012,1387.81
Nov 19 2012,1386.89
Nov 16 2012,1359.88
Nov 15 2012,1353.33
Nov 14 2012,1355.49
Nov 13 2012,1374.53
Nov 12 2012,1380.03
Nov 09 2012,1379.85
Nov 08 2012,1377.51
Nov 07 2012,1394.53
Nov 06 2012,1428.39
Nov 05 2012,1417.26
Nov 02 2012,1414.20
Nov 01 2012,1427.59
Oct 31 2012,1412.16
Oct 26 2012,1411.94
Oct 25 2012,1412.97
Oct 24 2012,1408.75
Oct 23 2012,1413.11
Oct 22 2012,1433.82
Oct 19 2012,1433.19
Oct 18 2012,1457.34
Oct 17 2012,1460.91
Oct 16 2012,1454.92
Oct 15 2012,1440.13
Oct 12 2012,1428.59
Oct 11 2012,1432.84
Oct 10 2012,1432.56
Oct 09 2012,1441.48
Oct 08 2012,1455.88
Oct 05 2012,1460.93
Oct 04 2012,1461.40
Oct 03 2012,1450.99
Oct 02 2012,1445.75
Oct 01 2012,1444.49
Sep 28 2012,1440.67
Sep 27 2012,1447.15
Sep 26 2012,1433.32
Sep 25 2012,1441.59
Sep 24 2012,1456.89
Sep 21 2012,1460.15
Sep 20 2012,1460.26
Sep 19 2012,1461.05
Sep 18 2012,1459.32
Sep 17 2012,1461.19
Sep 14 2012,1465.77
Sep 13 2012,1459.99
Sep 12 2012,1436.56
Sep 11 2012,1433.56
Sep 10 2012,1429.08
Sep 07 2012,1437.92
Sep 06 2012,1432.12
Sep 05 2012,1403.44
Sep 04 2012,1404.94
Aug 31 2012,1406.58
Aug 30 2012,1399.48
Aug 29 2012,1410.49
Aug 28 2012,1409.30
Aug 27 2012,1410.44
Aug 24 2012,1411.13
Aug 23 2012,1402.08
Aug 22 2012,1413.49
Aug 21 2012,1413.17
Aug 20 2012,1418.13
Aug 17 2012,1418.16
Aug 16 2012,1415.51
Aug 15 2012,1405.53
Aug 14 2012,1403.93
Aug 13 2012,1404.11
Aug 10 2012,1405.87
Aug 09 2012,1402.80
Aug 08 2012,1402.22
Aug 07 2012,1401.35
Aug 06 2012,1394.23
Aug 03 2012,1390.99
Aug 02 2012,1365.00
Aug 01 2012,1375.32
Jul 31 2012,1379.32
Jul 30 2012,1385.30
Jul 27 2012,1385.97
Jul 26 2012,1360.02
Jul 25 2012,1337.89
Jul 24 2012,1338.31
Jul 23 2012,1350.52
Jul 20 2012,1362.66
Jul 19 2012,1376.51
Jul 18 2012,1372.78
Jul 17 2012,1363.67
Jul 16 2012,1353.64
Jul 13 2012,1356.78
Jul 12 2012,1334.76
Jul 11 2012,1341.45
Jul 10 2012,1341.47
Jul 09 2012,1352.46
Jul 06 2012,1354.68
Jul 05 2012,1367.58
Jul 03 2012,1374.02
Jul 02 2012,1365.51
Jun 29 2012,1362.16
Jun 28 2012,1329.04
Jun 27 2012,1331.85
Jun 26 2012,1319.99
Jun 25 2012,1313.72
Jun 22 2012,1335.02
Jun 21 2012,1325.51
Jun 20 2012,1355.69
Jun 19 2012,1357.98
Jun 18 2012,1344.78
Jun 15 2012,1342.84
Jun 14 2012,1329.10
Jun 13 2012,1314.88
Jun 12 2012,1324.18
Jun 11 2012,1308.93
Jun 08 2012,1325.66
Jun 07 2012,1314.99
Jun 06 2012,1315.13
Jun 05 2012,1285.50
Jun 04 2012,1278.18
Jun 01 2012,1278.04
May 31 2012,1310.33
May 30 2012,1313.32
May 29 2012,1332.42
May 25 2012,1317.82
May 24 2012,1320.68
May 23 2012,1318.86
May 22 2012,1316.63
May 21 2012,1315.99
May 18 2012,1295.22
May 17 2012,1304.86
May 16 2012,1324.80
May 15 2012,1330.66
May 14 2012,1338.35
May 11 2012,1353.39
May 10 2012,1357.99
May 09 2012,1354.58
May 08 2012,1363.72
May 07 2012,1369.58
May 04 2012,1369.10
May 03 2012,1391.57
May 02 2012,1402.31
May 01 2012,1405.82
Apr 30 2012,1397.91
Apr 27 2012,1403.36
Apr 26 2012,1399.98
Apr 25 2012,1390.69
Apr 24 2012,1371.97
Apr 23 2012,1366.94
Apr 20 2012,1378.53
Apr 19 2012,1376.92
Apr 18 2012,1385.14
Apr 17 2012,1390.78
Apr 16 2012,1369.57
Apr 13 2012,1370.26
Apr 12 2012,1387.57
Apr 11 2012,1368.71
Apr 10 2012,1358.59
Apr 09 2012,1382.20
Apr 05 2012,1398.08
Apr 04 2012,1398.96
Apr 03 2012,1413.38
Apr 02 2012,1419.04
Mar 30 2012,1408.47
Mar 29 2012,1403.28
Mar 28 2012,1405.54
Mar 27 2012,1412.52
Mar 26 2012,1416.51
Mar 23 2012,1397.11
Mar 22 2012,1392.78
Mar 21 2012,1402.89
Mar 20 2012,1405.52
Mar 19 2012,1409.75
Mar 16 2012,1404.17
Mar 15 2012,1402.60
Mar 14 2012,1394.28
Mar 13 2012,1395.95
Mar 12 2012,1371.09
Mar 09 2012,1370.87
Mar 08 2012,1365.91
Mar 07 2012,1352.63
Mar 06 2012,1343.36
Mar 05 2012,1364.33
Mar 02 2012,1369.63
Mar 01 2012,1374.09
Feb 29 2012,1365.68
Feb 28 2012,1372.18
Feb 27 2012,1367.59
Feb 24 2012,1365.74
Feb 23 2012,1363.46
Feb 22 2012,1357.66
Feb 21 2012,1362.21
Feb 17 2012,1361.23
Feb 16 2012,1358.04
Feb 15 2012,1343.23
Feb 14 2012,1350.50
Feb 13 2012,1351.77
Feb 10 2012,1342.64
Feb 09 2012,1351.95
Feb 08 2012,1349.96
Feb 07 2012,1347.05
Feb 06 2012,1344.33
Feb 03 2012,1344.90
Feb 02 2012,1325.54
Feb 01 2012,1324.09
Jan 31 2012,1312.41
Jan 30 2012,1313.01
Jan 27 2012,1316.33
Jan 26 2012,1318.43
Jan 25 2012,1326.06
Jan 24 2012,1314.65
Jan 23 2012,1316.00
Jan 20 2012,1315.38
Jan 19 2012,1314.50
Jan 18 2012,1308.04
Jan 17 2012,1293.67
Jan 13 2012,1289.09
Jan 12 2012,1295.50
Jan 11 2012,1292.48
Jan 10 2012,1292.08
Jan 09 2012,1280.70
Jan 06 2012,1277.81
Jan 05 2012,1281.06
Jan 04 2012,1277.30
Jan 03 2012,1277.06
Dec 30 2011,1257.60
Dec 29 2011,1263.02
Dec 28 2011,1249.64
Dec 27 2011,1265.43
Dec 23 2011,1265.33
Dec 22 2011,1254.00
Dec 21 2011,1243.72
Dec 20 2011,1241.30
Dec 19 2011,1205.35
Dec 16 2011,1219.66
Dec 15 2011,1215.75
Dec 14 2011,1211.82
Dec 13 2011,1225.73
Dec 12 2011,1236.47
Dec 09 2011,1255.19
Dec 08 2011,1234.35
Dec 07 2011,1261.01
Dec 06 2011,1258.47
Dec 05 2011,1257.08
Dec 02 2011,1244.28
Dec 01 2011,1244.58
Nov 30 2011,1246.96
Nov 29 2011,1195.19
Nov 28 2011,1192.55
Nov 25 2011,1158.67
Nov 23 2011,1161.79
Nov 22 2011,1188.04
Nov 21 2011,1192.98
Nov 18 2011,1215.65
Nov 17 2011,1216.13
Nov 16 2011,1236.91
Nov 15 2011,1257.81
Nov 14 2011,1251.78
Nov 11 2011,1263.85
Nov 10 2011,1239.70
Nov 09 2011,1229.10
Nov 08 2011,1275.92
Nov 07 2011,1261.12
Nov 04 2011,1253.23
Nov 03 2011,1261.15
Nov 02 2011,1237.90
Nov 01 2011,1218.28
Oct 31 2011,1253.30
Oct 28 2011,1285.09
Oct 27 2011,1284.59
Oct 26 2011,1242.00
Oct 25 2011,1229.05
Oct 24 2011,1254.19
Oct 21 2011,1238.25
Oct 20 2011,1215.39
Oct 19 2011,1209.88
Oct 18 2011,1225.38
Oct 17 2011,1200.86
Oct 14 2011,1224.58
Oct 13 2011,1203.66
Oct 12 2011,1207.25
Oct 11 2011,1195.54
Oct 10 2011,1194.89
Oct 07 2011,1155.46
Oct 06 2011,1164.97
Oct 05 2011,1144.03
Oct 04 2011,1123.95
Oct 03 2011,1099.23
Sep 30 2011,1131.42
Sep 29 2011,1160.40
Sep 28 2011,1151.06
Sep 27 2011,1175.38
Sep 26 2011,1162.95
Sep 23 2011,1136.43
Sep 22 2011,1129.56
Sep 21 2011,1166.76
Sep 20 2011,1202.09
Sep 19 2011,1204.09
Sep 16 2011,1216.01
Sep 15 2011,1209.11
Sep 14 2011,1188.68
Sep 13 2011,1172.87
Sep 12 2011,1162.27
Sep 09 2011,1154.23
Sep 08 2011,1185.90
Sep 07 2011,1198.62
Sep 06 2011,1165.24
Sep 02 2011,1173.97
Sep 01 2011,1204.42
Aug 31 2011,1218.89
Aug 30 2011,1212.92
Aug 29 2011,1210.08
Aug 26 2011,1176.80
Aug 25 2011,1159.27
Aug 24 2011,1177.60
Aug 23 2011,1162.35
Aug 22 2011,1123.82
Aug 19 2011,1123.53
Aug 18 2011,1140.65
Aug 17 2011,1193.89
Aug 16 2011,1192.76
Aug 15 2011,1204.49
Aug 12 2011,1178.81
Aug 11 2011,1172.64
Aug 10 2011,1120.76
Aug 09 2011,1172.53
Aug 08 2011,1119.46
Aug 05 2011,1199.38
Aug 04 2011,1200.07
Aug 03 2011,1260.34
Aug 02 2011,1254.05
Aug 01 2011,1286.94
Jul 29 2011,1292.28
Jul 28 2011,1300.67
Jul 27 2011,1304.89
Jul 26 2011,1331.94
Jul 25 2011,1337.43
Jul 22 2011,1345.02
Jul 21 2011,1343.80
Jul 20 2011,1325.84
Jul 19 2011,1326.73
Jul 18 2011,1305.44
Jul 15 2011,1316.14
Jul 14 2011,1308.87
Jul 13 2011,1317.72
Jul 12 2011,1313.64
Jul 11 2011,1319.49
Jul 08 2011,1343.80
Jul 07 2011,1353.22
Jul 06 2011,1339.22
Jul 05 2011,1337.88
Jul 01 2011,1339.67
Jun 30 2011,1320.64
Jun 29 2011,1307.41
Jun 28 2011,1296.67
Jun 27 2011,1280.10
Jun 24 2011,1268.45
Jun 23 2011,1283.50
Jun 22 2011,1287.14
Jun 21 2011,1295.52
Jun 20 2011,1278.36
Jun 17 2011,1271.50
Jun 16 2011,1267.64
Jun 15 2011,1265.42
Jun 14 2011,1287.87
Jun 13 2011,1271.83
Jun 10 2011,1270.98
Jun 09 2011,1289.00
Jun 08 2011,1279.56
Jun 07 2011,1284.94
Jun 06 2011,1286.17
Jun 03 2011,1300.16
Jun 02 2011,1312.94
Jun 01 2011,1314.55
May 31 2011,1345.20
May 27 2011,1331.10
May 26 2011,1325.69
May 25 2011,1320.47
May 24 2011,1316.28
May 23 2011,1317.37
May 20 2011,1333.27
May 19 2011,1343.60
May 18 2011,1340.68
May 17 2011,1328.98
May 16 2011,1329.47
May 13 2011,1337.77
May 12 2011,1348.65
May 11 2011,1342.08
May 10 2011,1357.16
May 09 2011,1346.29
May 06 2011,1340.20
May 05 2011,1335.10
May 04 2011,1347.32
May 03 2011,1356.62
May 02 2011,1361.22
Apr 29 2011,1363.61
Apr 28 2011,1360.48
Apr 27 2011,1355.66
Apr 26 2011,1347.24
Apr 25 2011,1335.25
Apr 21 2011,1337.38
Apr 20 2011,1330.36
Apr 19 2011,1312.62
Apr 18 2011,1305.14
Apr 15 2011,1319.68
Apr 14 2011,1314.52
Apr 13 2011,1314.41
Apr 12 2011,1314.16
Apr 11 2011,1324.46
Apr 08 2011,1328.17
Apr 07 2011,1333.51
Apr 06 2011,1335.54
Apr 05 2011,1332.63
Apr 04 2011,1332.87
Apr 01 2011,1332.41
Mar 31 2011,1325.83
Mar 30 2011,1328.26
Mar 29 2011,1319.44
Mar 28 2011,1310.19
Mar 25 2011,1313.80
Mar 24 2011,1309.66
Mar 23 2011,1297.54
Mar 22 2011,1293.77
Mar 21 2011,1298.38
Mar 18 2011,1279.21
Mar 17 2011,1273.72
Mar 16 2011,1256.88
Mar 15 2011,1281.87
Mar 14 2011,1296.39
Mar 11 2011,1304.28
Mar 10 2011,1295.11
Mar 09 2011,1320.02
Mar 08 2011,1321.82
Mar 07 2011,1310.13
Mar 04 2011,1321.15
Mar 03 2011,1330.97
Mar 02 2011,1308.44
Mar 01 2011,1306.33
Feb 28 2011,1327.22
Feb 25 2011,1319.88
Feb 24 2011,1306.10
Feb 23 2011,1307.40
Feb 22 2011,1315.44
Feb 18 2011,1343.01
Feb 17 2011,1340.43
Feb 16 2011,1336.32
Feb 15 2011,1328.01
Feb 14 2011,1332.32
Feb 11 2011,1329.15
Feb 10 2011,1321.87
Feb 09 2011,1320.88
Feb 08 2011,1324.57
Feb 07 2011,1319.05
Feb 04 2011,1310.87
Feb 03 2011,1307.10
Feb 02 2011,1304.03
Feb 01 2011,1307.59
Jan 31 2011,1286.12
Jan 28 2011,1276.34
Jan 27 2011,1299.54
Jan 26 2011,1296.63
Jan 25 2011,1291.18
Jan 24 2011,1290.84
Jan 21 2011,1283.35
Jan 20 2011,1280.26
Jan 19 2011,1281.92
Jan 18 2011,1295.02
Jan 14 2011,1293.24
Jan 13 2011,1283.76
Jan 12 2011,1285.96
Jan 11 2011,1274.48
Jan 10 2011,1269.75
Jan 07 2011,1271.50
Jan 06 2011,1273.85
Jan 05 2011,1276.56
Jan 04 2011,1270.20
Jan 03 2011,1271.87
Dec 31 2010,1257.64
Dec 30 2010,1257.88
Dec 29 2010,1259.78
Dec 28 2010,1258.51
Dec 27 2010,1257.54
Dec 23 2010,1256.77
Dec 22 2010,1258.84
Dec 21 2010,1254.60
Dec 20 2010,1247.08
Dec 17 2010,1243.91
Dec 16 2010,1242.87
Dec 15 2010,1235.23
Dec 14 2010,1241.59
Dec 13 2010,1240.46
Dec 10 2010,1240.40
Dec 09 2010,1233.00
Dec 08 2010,1228.28
Dec 07 2010,1223.75
Dec 06 2010,1223.12
Dec 03 2010,1224.71
Dec 02 2010,1221.53
Dec 01 2010,1206.07
Nov 30 2010,1180.55
Nov 29 2010,1187.76
Nov 26 2010,1189.40
Nov 24 2010,1198.35
Nov 23 2010,1180.73
Nov 22 2010,1197.84
Nov 19 2010,1199.73
Nov 18 2010,1196.69
Nov 17 2010,1178.59
Nov 16 2010,1178.34
Nov 15 2010,1197.75
Nov 12 2010,1199.21
Nov 11 2010,1213.54
Nov 10 2010,1218.71
Nov 09 2010,1213.40
Nov 08 2010,1223.25
Nov 05 2010,1225.85
Nov 04 2010,1221.06
Nov 03 2010,1197.96
Nov 02 2010,1193.57
Nov 01 2010,1184.38
Oct 29 2010,1183.26
Oct 28 2010,1183.78
Oct 27 2010,1182.45
Oct 26 2010,1185.64
Oct 25 2010,1185.62
Oct 22 2010,1183.08
Oct 21 2010,1180.26
Oct 20 2010,1178.17
Oct 19 2010,1165.90
Oct 18 2010,1184.71
Oct 15 2010,1176.19
Oct 14 2010,1173.81
Oct 13 2010,1178.10
Oct 12 2010,1169.77
Oct 11 2010,1165.32
Oct 08 2010,1165.15
Oct 07 2010,1158.06
Oct 06 2010,1159.97
Oct 05 2010,1160.75
Oct 04 2010,1137.03
Oct 01 2010,1146.24
Sep 30 2010,1141.20
Sep 29 2010,1144.73
Sep 28 2010,1147.70
Sep 27 2010,1142.16
Sep 24 2010,1148.67
Sep 23 2010,1124.83
Sep 22 2010,1134.28
Sep 21 2010,1139.78
Sep 20 2010,1142.71
Sep 17 2010,1125.59
Sep 16 2010,1124.66
Sep 15 2010,1125.07
Sep 14 2010,1121.10
Sep 13 2010,1121.90
Sep 10 2010,1109.55
Sep 09 2010,1104.18
Sep 08 2010,1098.87
Sep 07 2010,1091.84
Sep 03 2010,1104.51
Sep 02 2010,1090.10
Sep 01 2010,1080.29
Aug 31 2010,1049.33
Aug 30 2010,1048.92
Aug 27 2010,1064.59
Aug 26 2010,1047.22
Aug 25 2010,1055.33
Aug 24 2010,1051.87
Aug 23 2010,1067.36
Aug 20 2010,1071.69
Aug 19 2010,1075.63
Aug 18 2010,1094.16
Aug 17 2010,1092.54
Aug 16 2010,1079.38
Aug 13 2010,1079.25
Aug 12 2010,1083.61
Aug 11 2010,1089.47
Aug 10 2010,1121.06
Aug 09 2010,1127.79
Aug 06 2010,1121.64
Aug 05 2010,1125.81
Aug 04 2010,1127.24
Aug 03 2010,1120.46
Aug 02 2010,1125.86
Jul 30 2010,1101.60
Jul 29 2010,1101.53
Jul 28 2010,1106.13
Jul 27 2010,1113.84
Jul 26 2010,1115.01
Jul 23 2010,1102.66
Jul 22 2010,1093.67
Jul 21 2010,1069.59
Jul 20 2010,1083.48
Jul 19 2010,1071.25
Jul 16 2010,1064.88
Jul 15 2010,1096.48
Jul 14 2010,1095.17
Jul 13 2010,1095.34
Jul 12 2010,1078.75
Jul 09 2010,1077.96
Jul 08 2010,1070.25
Jul 07 2010,1060.27
Jul 06 2010,1028.06
Jul 02 2010,1022.58
Jul 01 2010,1027.37
Jun 30 2010,1030.71
Jun 29 2010,1041.24
Jun 28 2010,1074.57
Jun 25 2010,1076.76
Jun 24 2010,1073.69
Jun 23 2010,1092.04
Jun 22 2010,1095.31
Jun 21 2010,1113.20
Jun 18 2010,1117.51
Jun 17 2010,1116.04
Jun 16 2010,1114.61
Jun 15 2010,1115.23
Jun 14 2010,1089.63
Jun 11 2010,1091.60
Jun 10 2010,1086.84
Jun 09 2010,1055.69
Jun 08 2010,1062.00
Jun 07 2010,1050.47
Jun 04 2010,1064.88
Jun 03 2010,1102.83
Jun 02 2010,1098.38
Jun 01 2010,1070.71
May 28 2010,1089.41
May 27 2010,1103.06
May 26 2010,1067.95
May 25 2010,1074.03
May 24 2010,1073.65
May 21 2010,1087.69
May 20 2010,1071.59
May 19 2010,1115.05
May 18 2010,1120.80
May 17 2010,1136.94
May 14 2010,1135.68
May 13 2010,1157.44
May 12 2010,1171.67
May 11 2010,1155.79
May 10 2010,1159.73
May 07 2010,1110.88
May 06 2010,1128.15
May 05 2010,1165.87
May 04 2010,1173.60
May 03 2010,1202.26
Apr 30 2010,1186.69
Apr 29 2010,1206.78
Apr 28 2010,1191.36
Apr 27 2010,1183.71
Apr 26 2010,1212.05
Apr 23 2010,1217.28
Apr 22 2010,1208.67
Apr 21 2010,1205.94
Apr 20 2010,1207.17
Apr 19 2010,1197.52
Apr 16 2010,1192.13
Apr 15 2010,1211.67
Apr 14 2010,1210.65
Apr 13 2010,1197.30
Apr 12 2010,1196.48
Apr 09 2010,1194.37
Apr 08 2010,1186.44
Apr 07 2010,1182.45
Apr 06 2010,1189.44
Apr 05 2010,1187.44
Apr 01 2010,1178.10
Mar 31 2010,1169.43
Mar 30 2010,1173.27
Mar 29 2010,1173.22
Mar 26 2010,1166.59
Mar 25 2010,1165.73
Mar 24 2010,1167.72
Mar 23 2010,1174.17
Mar 22 2010,1165.81
Mar 19 2010,1159.90
Mar 18 2010,1165.83
Mar 17 2010,1166.21
Mar 16 2010,1159.46
Mar 15 2010,1150.51
Mar 12 2010,1149.99
Mar 11 2010,1150.24
Mar 10 2010,1145.61
Mar 09 2010,1140.45
Mar 08 2010,1138.50
Mar 05 2010,1138.70
Mar 04 2010,1122.97
Mar 03 2010,1118.79
Mar 02 2010,1118.31
Mar 01 2010,1115.71
Feb 26 2010,1104.49
Feb 25 2010,1102.94
Feb 24 2010,1105.24
Feb 23 2010,1094.60
Feb 22 2010,1108.01
Feb 19 2010,1109.17
Feb 18 2010,1106.75
Feb 17 2010,1099.51
Feb 16 2010,1094.87
Feb 12 2010,1075.51
Feb 11 2010,1078.47
Feb 10 2010,1068.13
Feb 09 2010,1070.52
Feb 08 2010,1056.74
Feb 05 2010,1066.19
Feb 04 2010,1063.11
Feb 03 2010,1097.28
Feb 02 2010,1103.32
Feb 01 2010,1089.19
Jan 29 2010,1073.87
Jan 28 2010,1084.53
Jan 27 2010,1097.50
Jan 26 2010,1092.17
Jan 25 2010,1096.78
Jan 22 2010,1091.76
Jan 21 2010,1116.48
Jan 20 2010,1138.04
Jan 19 2010,1150.23
Jan 15 2010,1136.03